"Tipo Equivalente","ALIMENTOS","Cantidad sugerida","Unidad","Peso bruto redondeado (g)","Peso neto (g)","Energia (Kcal)","Proteina (g)","Lípidos (g)","Hidratos de carbono (g)","Fibra (g)","Vitamina A     (µg RE)","Acido Ascórbico (mg)","Acido Fólico (µg)","Hierro NO HEM (mg)","Potasio (mg)","Indice glicémico","Carga glicémica",
"Verdura","Acelga cruda",2,"taza",120,98,22,2.2,0.1,4.3,3.6,310.9,29.5,14.8,2.5,749.8,64,2.7,
"Verdura","Acelga picada cocida",0.5,"taza",72,72,19,1.9,0.1,3.9,2.1,275.8,17.9,10.1,1.4,654.5,64,2.5,
"Verdura","Alcachofa mediana cocida",1,"pieza",120,48,25,1.4,0.2,5.7,4.1,0.5,3.6,42.7,0.3,137.3,"ND","ND",
"Verdura","Apio cocido",0.75,"taza",113,113,20,0.9,0.2,4.5,1.8,29.3,6.9,24.8,0.5,319.5,"ND","ND",
"Verdura","Apio crudo",1.5,"taza",152,135,22,0.9,0.2,4,2.5,29.7,4.2,48.5,0.3,350.6,"ND","ND",
"Verdura","Arúgula, cruda",4,"taza",80,80,20,2.1,0.5,2.9,3.5,95.2,12,77.6,1.2,295.2,"ND","ND",
"Verdura","Berenjena picada cocida",1,"taza",99,99,35,0.8,0.2,8.6,2.5,2,1.3,13.9,0.4,245.4,"ND","ND",
"Verdura","Berro crudo",2,"taza",68,56,34,1.3,0.1,0.7,0.3,46.3,6.7,35.7,1.2,100.4,"ND","ND",
"Verdura","Betabel crudo",0.25,"pieza",43,39,19,0.8,0.1,4.3,0.3,0.8,7.8,36.4,0.6,131,"ND","ND",
"Verdura","Betabel crudo rallado",0.25,"taza",38,38,18,0.8,0.1,4.1,0.3,0.8,7.5,34.9,0.6,125.6,"ND","ND",
"Verdura","Bledos crudos",150,"g",150,95,27,2.4,0.3,3.8,0.9,189.5,40.6,80.3,4.1,577.4,"ND","ND",
"Verdura","Brócoli cocido",0.5,"taza",92,92,26,2.7,0.4,4.6,2.7,127.4,68.4,46,0.8,268.9,"ND","ND",
"Verdura","Brócoli crudo",1,"taza",88,71,19,2.1,0.3,3.7,2.1,110.2,66.4,50.2,0.6,231.7,"ND","ND",
"Verdura","Calabacita alargada cruda",1,"pieza",111,91,21,1.6,0.1,3.4,1.4,12.3,11.8,23.7,0.5,183.9,"ND","ND",
"Verdura","Calabacita redonda cruda",1,"pieza",100,79,18,1.4,0.1,2.9,1.2,10.7,10.3,20.5,0.4,159.6,"ND","ND",
"Verdura","Calabacita de Castilla cocida",0.5,"taza",110,110,22,0.8,0.1,5.4,1.2,275,5.2,9.9,0.6,253,"ND","ND",
"Verdura","Cebolla blanca rebanada",0.5,"taza",58,58,23,0.6,0.1,5.4,1,0,4.3,10.9,0.1,84,"ND","ND",
"Verdura","Cebolla cocida",0.25,"taza",53,53,23,0.7,0.1,5.3,0.7,0,2.7,7.9,0.1,87,"ND","ND",
"Verdura","Cebolla morada rebanada",0.5,"taza",58,58,20,0.5,0.1,4.4,0.7,0,6.3,"ND",0.8,90.3,"ND","ND",
"Verdura","Cebollita de cambray sin raíz",3,"pieza",75,72,23,1.3,0.1,5.3,1.9,36,13.5,46.1,1.1,198.7,"ND","ND",
"Verdura","Cebollita en salmuera",0.5,"taza",95,95,24,0.9,0.2,6.7,1.6,0,0,0,0,0,"ND","ND",
"Verdura","Champiñon cocido entero",0.5,"taza",78,78,20,2.8,0.3,3.2,1.4,0,0,15.6,0.2,308.9,"ND","ND",
"Verdura","Champiñon cocido rebanado",0.5,"taza",70,70,20,2.5,0.2,2.8,1.3,0,0,14,0.2,277.2,"ND","ND",
"Verdura","Champiñon crudo entero",1,"taza",96,93,20,2.9,0.3,3.1,0.9,0,2,14.9,0.5,296.1,"ND","ND",
"Verdura","Champíñon crudo rebanado",1.5,"taza",105,105,23,3.2,0.4,3.4,1.1,0,2.2,16.8,0.5,333.9,"ND","ND",
"Verdura","Chayote cocido picado",0.5,"taza",80,80,19,0.5,0.4,4.1,2.2,1.6,6.4,14.4,0.2,138.4,"ND","ND",
"Verdura","Chayote crudo",0.5,"pieza",102,100,19,0.8,0.1,4.5,1.7,0,7.7,93.5,0.3,125.6,"ND","ND",
"Verdura","Chepil crudo",70,"g",70,41,26,2.8,0.2,3,0.9,135.4,20.3,"ND",1.9,"ND","ND","ND",
"Verdura","Chícharo cocido sin vaina",0.25,"taza",40,40,34,2.1,0.1,6.1,2.2,16,5.7,25.2,0.6,108.4,48,2.9,
"Verdura","Chicharo cocido con vaina",0.5,"taza",73,28,22,1.5,0.1,4,1.4,10.5,11,17.9,0.4,67.2,48,1.9,
"Verdura","Chicharo en vaina cocido",0.333333333333333,"taza",53,53,21,1.7,0.1,3.4,1.5,27.7,25.5,15.5,1.1,128,48,1.7,
"Verdura","Chicoria cruda",140,"g",140,120,24,1.4,0.2,4.1,1.1,123.4,8.4,171,1,378.1,"ND","ND",
"Verdura","Chalacas crudas",3,"pieza",90,76,24,1.1,0.2,5.5,0.7,6.8,134.6,17.4,3,257,"ND","ND",
"Verdura","Chilacayote crudo",150,"g",150,135,19,1.6,0.3,3.6,0.4,8.1,9.5,"ND",0.8,"ND","ND","ND",
"Verdura","Chile chilaca",2,"pieza",60,50,20,0.8,0.2,3.7,0.5,48.9,89.7,11.6,2,171.4,"ND","ND",
"Verdura","Chile chipotle seco",2,"pieza",10,8,29,1.2,0.5,4.8,0.6,19.3,0,"ND",0.5,"ND","ND","ND",
"Verdura","Chile costeño",4,"pieza",64,54,17,0.9,0.1,3.9,1.1,7,135.5,12.4,1.8,182.8,"ND","ND",
"Verdura","Chile cristalino",4,"pieza",64,54,20,0.9,0.1,3.9,1.1,3.5,135.5,12.4,1.8,182.8,"ND","ND",
"Verdura","Chile cuaresmeño",2,"pieza",60,50,16,0.8,0.2,3.7,0.5,4.5,89.7,11.6,2,171.4,"ND","ND",
"Verdura","Chile de árbol seco",4,"pieza",8,7,21,0.9,0.4,4.3,2.1,70.9,3.7,0,0.3,0,"ND","ND",
"Verdura","Chile habanero",5,"pieza",80,67,25,1.5,0.5,3.6,1.1,19.8,63.2,15.5,1.6,228.5,"ND","ND",
"Verdura","Chile jalapeño",6,"pieza",90,78,23,1.1,0.5,4.6,2.2,31.3,34.7,36.8,0.5,168.3,"ND","ND",
"Verdura","Chile poblano",0.5,"pieza",40,32,15,0.8,0.2,3.3,0.1,5.1,116.5,7.4,1.1,108.8,"ND","ND",
"Verdura","Chiles secos",10,"g",10,7,23,0.8,0.7,4.3,0,124.6,5.2,0,0.4,0,"ND","ND",
"Verdura","Cilantro picado crudo",2,"taza",120,120,28,2.6,0.6,4.4,3.4,404.4,32.4,74.4,2.1,625.2,"ND","ND",
"Verdura","Clavito (hongo) crudo",1,"taza",75,71,28,4.3,0.4,3.8,1.1,0,3.8,0,1.5,0,"ND","ND",
"Verdura","Col cocida picada",0.5,"taza",75,75,17,1,0,4.1,1.4,3,28.1,22.5,0.1,147,"ND","ND",
"Verdura","Col cruda picada",2,"taza",140,112,27,1.4,0.2,6,2.6,6.7,47,63.8,0.6,275.2,"ND","ND",
"Verdura","Col morada cruda picada",1,"taza",70,56,17,0.8,0.1,4.1,1.2,31.4,31.9,10.1,0.4,136.1,"ND","ND",
"Verdura","Colesita de Bruselas cocida",3,"pieza",63,63,23,1.6,0.3,4.5,1.6,24.6,39.1,37.8,0.8,199.5,"ND","ND",
"Verdura","Coliflor cocida",1,"taza",125,125,28,2.3,0.6,5.1,2.9,1.3,55.4,55,0.4,177.4,"ND","ND",
"Verdura","Coliflor cruda",2,"taza",200,80,20,1.6,0.1,4.2,2,0.8,37.1,45.6,0.4,242.4,"ND","ND",
"Verdura","Coliflor verde cocida",0.5,"taza",68,68,22,2.1,2.1,4.2,2.2,4.7,49,27.7,0.5,187.7,"ND","ND",
"Verdura","Coliflor verde cruda",2,"taza",128,78,24,2.3,2.3,4.8,2.5,6.2,68.8,44.5,0.6,234.2,"ND","ND",
"Verdura","Colinabo crudo",90,"g",90,66,22,1.1,1.1,4.1,1.4,0.3,40.7,"ND",0.3,230,"ND","ND",
"Verdura","Cozarón de alcachofa crudo",1,"pieza",25,25,16,0.6,0.6,4.1,0.3,3,1.5,18.5,0.2,84.8,"ND","ND",
"Verdura","Corazón de lechuga crudo",1,"pieza",130,124,12,1.2,1.2,4.4,1.9,43.2,6.2,67.9,0.6,197.6,"ND","ND",
"Verdura","Corazón de palmito crudo",3,"pieza",99,99,27,2.4,2.4,4.5,2.4,0,9,39,3.1,174,"ND","ND",
"Verdura","Cresón cocido",1,"taza",135,135,31,2.6,2.6,5.2,1,313.2,31.1,50,1.1,476.6,"ND","ND",
"Verdura","Cresón limpio crudo",2,"taza",100,100,32,2.8,2.8,5.6,1.2,346,69,80,1.3,606,"ND","ND",
"Verdura","Crucetas crudas",150,"g",150,117,21,1.3,1.3,4.3,0.8,25.7,28.1,0,6.8,0,"ND","ND",
"Verdura","Cuitlacoche cocido",0.333333333333333,"taza",66,66,20,0.8,0.8,4.1,1.2,0,2.6,"ND",0.3,"ND","ND","ND",
"Verdura","Echalot",1,"pieza",40,34,25,0.9,0.9,5.8,"ND",20.6,2.8,11.7,0.4,119.9,"ND","ND",
"Verdura","Ejotes cocidos picados",0.5,"taza",63,63,22,1.2,1.2,4.9,2,21.9,6.1,20.6,0.4,91.3,"ND","ND",
"Verdura","Elotitos de cambray",8,"pieza",64,64,26,2.1,2.1,4.3,1.8,14,3.9,29.7,0.4,159.2,"ND","ND",
"Verdura","Envidia cruda",3,"taza",150,129,22,1.6,1.6,4.3,4,139.3,8.4,183.2,1.1,405.1,"ND","ND",
"Verdura","Espárragos crudos",6,"pieza",90,90,22,2.3,2.3,3.8,2.8,49,10,131,0.7,144,"ND","ND",
"Verdura","Espinaca cocida",0.5,"taza",90,90,21,2.7,2.7,3.4,3.2,471.6,8.8,131.1,3.2,419,"ND","ND",
"Verdura","Espinaca cruda picada",2,"taza",120,120,28,3.4,3.4,4.4,2.6,562.8,33.7,232.8,3.3,669.6,"ND","ND",
"Verdura","Flor de calabaza cocida",1,"taza",134,134,20,1.4,1.4,4.4,1.2,116.6,6,54,1.2,142,"ND","ND",
"Verdura","Flor de calabaza cruda picada",4,"taza",132,132,20,1.2,1.2,4.4,"ND",128,36,76,0.9,228,"ND","ND",
"Verdura","Flor de colorín cocida",0.5,"taza",40,40,24,1.8,1.8,4,1,2.6,14.8,"ND",1,"ND","ND","ND",
"Verdura","Flor de colorín cruda",1,"taza",40,40,24,1.8,1.8,4,1,2.6,14.8,"ND",1,"ND","ND","ND",
"Verdura","Flor de garambullo cruda",50,"g",50,50,19,0.4,0.4,4.1,0.4,10.5,20,"ND",2.2,"ND","ND","ND",
"Verdura","Flor de maguey cruda",60,"g",60,60,21,0.5,0.5,4.4,0.4,14.4,35.4,"ND",0.5,"ND","ND","ND",
"Verdura","Flor de Yuca cruda",75,"g",75,75,29,2,2,4.5,0.5,0.8,204.8,"ND",0.5,"ND","ND","ND",
"Verdura","Germen de alfalfa cruda",3,"taza",99,99,23,4,4,2.1,1.9,7.9,8.1,35.6,1,78,"ND","ND",
"Verdura","Germen de lenteja crudo",0.25,"taza",19,19,20,1.7,1.7,4.3,"ND",0.4,3.2,19.3,0.6,62,"ND","ND",
"Verdura","Germen de soya cocidpo",0.333333333333333,"taza",31,31,25,2.7,1.4,2.1,0.3,0.6,2.6,25.1,0.4,111.3,"ND","ND",
"Verdura","Granos de elote crudos",2,"cuchara",21,21,18,0.7,0.2,4,0.6,1.9,0.4,9.7,0.1,56.7,54,2.2,
"Verdura","Haba verde",4,"pieza",32,32,23,1.8,0.2,3.7,1.3,5.8,10.6,30.7,0.6,80,55,2.1,
"Verdura","Hojas de amaranto cocidas",100,"g",100,100,21,2.1,0.2,4.1,"ND",139,41.1,57,2.3,641,"ND","ND",
"Verdura","Hojas de amaranto crudas",6,"hojas",84,84,19,2.1,0.3,3.4,"ND",122.6,36.4,71.4,1.9,513.2,"ND","ND",
"Verdura","Hojas de chicoria cruda",130,"g",130,130,26,1.6,0.3,4.4,1.2,133.3,9.1,184.6,1,408.2,"ND","ND",
"Verdura","Hojas de dientes de león",50,"g",50,45,24,1.2,0.3,4.1,0.8,49.1,15.8,"ND",1.4,178.7,"ND","ND",
"Verdura","Hojas de pata de paloma",30,"g",30,25,20,0.8,0.4,4.2,0.4,21.9,11.1,"ND",1.5,"ND","ND","ND",
"Verdura","Hojas de remolacha,  crudas",2,"hojas",64,64,14,1.4,0.1,2.8,2.4,202.2,19.2,9.6,1.6,487.7,"ND","ND",
"Verdura","Hojas de remolacha, hervida",0.5,"taza",72,72,19,1.9,0.1,3.9,2.1,603.4,17.9,10.1,1.4,654.5,"ND","ND",
"Verdura","Hongos porrtobello crudo",1,"pieza",84,81,21,2,0.2,4.1,1.2,0,0,17.9,0.5,394.4,"ND","ND",
"Verdura","Hongos shiitake deshidratados",1,"pieza",4,4,11,0.3,0,2.7,0.4,0,0.1,5.9,0.1,55.2,"ND","ND",
"Verdura","Hongos crudos",1,"taza",70,63,17,2,0.3,2.8,1.6,0,1.9,13.2,2.7,233.1,"ND","ND",
"Verdura","Huanzontle",0.5,"taza",40,40,24,1.8,0.3,4.8,1.1,50.4,18,"ND",2.4,"ND","ND","ND",
"Verdura","Huitlacoche cocido",0.333333333333333,"taza",66,66,20,8,0.1,4.1,1.2,0,2.6,"ND",0.3,107.5,"ND","ND",
"Verdura","Ibes frescos",30,"g",30,17,22,1.7,0,3.6,0.5,7.2,2.6,"ND",0.2,107.3,"ND","ND",
"Verdura","Jicama picada",0.5,"taza",60,60,23,4,0.1,5.3,2.9,0.6,12.1,7.2,0.4,90,"ND","ND",
"Verdura","Jitomate",120,"g",120,113,20,1,0.2,4.4,1.4,47.4,14.3,16.9,0.3,267.3,"ND","ND",
"Verdura","Jitomate bola",1,"pieza",123,108,19,1,0.2,4.2,1.3,45.5,13.7,16.2,0.3,256.5,"ND","ND",
"Verdura","Jitomate cereza",4,"pieza",100,95,17,0.8,0.2,3.7,1.1,39.9,12.1,14.3,0.3,225.2,"ND","ND",
"Verdura","Jitomate deshidratado",5,"pieza",10,10,23,1.5,0.5,4.3,2,5,5,0,0.5,0,"ND","ND",
"Verdura","Jitomate guaje o saladet",2,"pieza",130,124,22,1.1,0.2,4.8,1.5,51.9,15.7,18.5,0.3,292.7,"ND","ND",
"Verdura","Jitomate verde",1,"pieza",123,123,28,1.5,0.2,6.3,1.4,39.4,29,11,0.6,251,"ND","ND",
"Verdura","Jitomatillo (miltomate)",70,"g",70,60,21,0.9,0.1,4.3,0.9,150.5,51.2,5.4,3.6,124.6,"ND","ND",
"Verdura","Jugo de tomate",0.5,"taza",122,122,21,0.9,0.1,5.1,0.5,27.9,22.2,24.3,0.5,278.2,"ND","ND",
"Verdura","Jugo de verduras",0.5,"taza",121,121,23,0.8,0.1,5.5,1,94.4,33.5,25.4,0.5,233.5,"ND","ND",
"Verdura","Jugo de zanahoria",0.25,"taza",59,59,24,0.6,0.1,5.5,0.5,564,5,2.4,0.3,172.2,"ND","ND",
"Verdura","Lechuga",3,"taza",141,135,23,1.7,0.4,4.5,2.8,392.5,32.5,184.1,1.3,334.3,"ND","ND",
"Verdura","Lengua de vaca",110,"g",110,99,27,2,0.7,3.2,0.8,198,47.5,"ND",2.4,386.1,"ND","ND",
"Verdura","Lenteja germinada cocida",0.25,"taza",19,19,19,1.7,0.1,4.1,"ND",0.4,2.4,12.9,0.6,54.7,"ND","ND",
"Verdura","Malva",100,"g",100,85,34,4.1,0.5,3.3,0.8,255,29.8,"ND",1.7,"ND","ND","ND",
"Verdura","Mezcla de verduras congeladas, cocidas sin sal",0.5,"taza",46,46,30,1.3,0.1,4.6,2,97.4,1.5,8.6,0.4,76.9,"ND","ND",
"Verdura","Morillas deshidratadas",10,"g",10,10,27,3.2,0.4,4.4,2.5,0,3,21,4.3,370,"ND","ND",
"Verdura","Morillas frescas",110,"g",110,94,25,3,0.4,4.1,2.3,0,2.8,19.6,4,346,"ND","ND",
"Verdura","Nabo cocido",150,"g",150,99,22,0.7,0.1,5,2,0,11.5,8.9,0.2,175.2,"ND","ND",
"Verdura","Nopal cocido",1,"taza",149,149,22,2,0.1,4.9,3,32.8,7.9,4.5,0.7,291,"ND","ND",
"Verdura","Nopal crudo",2,"pieza",140,134,22,1.8,0.1,4.5,3.2,30.9,12.5,4,0.8,345.4,"ND","ND",
"Verdura","Nopal crudo de cambray",4,"pieza",100,100,27,1.7,0.3,2.9,3.5,0,0,0,0,0,"ND","ND",
"Verdura","Palmito, enlatado",1,"pieza",33,33,30,0.8,0.2,1.5,0.8,0,2.6,12.9,1,58.4,"ND","ND",
"Verdura","Papaloquite crudo",2,"taza",120,108,24,1.9,0.3,3.1,1,69.7,20.5,"ND",2.6,"ND","ND","ND",
"Verdura","Papilla de verduras mixtas",0.333333333333333,"frasco",43,43,19,0.5,0,4.1,0.6,58.3,1.3,3.4,0.1,51.9,"ND","ND",
"Verdura","Pepinillos crudos",0.333333333333333,"taza",80,80,23,1.1,1,3.3,0,0,0,0,2.1,0,"ND","ND",
"Verdura","Pepinillos dulces",1,"cuchara",15,15,20,0.1,0.1,5.3,0.2,2,0,0,0.1,4,"ND","ND",
"Verdura","Pepino con cáscara rebanado",1,"taza",104,104,16,0.7,0.1,3.8,0.5,5.2,2.9,7.3,0.3,152.9,"ND","ND",
"Verdura","Perejil crudo picado",1,"taza",60,60,22,1.8,0.5,3.8,2,252.6,80,91.2,3.7,332.4,"ND","ND",
"Verdura","Pimiento amarillo crudo chico",1,"pieza",75,64,17,0.7,0.1,4,0.6,6.4,116.9,16.6,0.3,135,"ND","ND",
"Verdura","Pimiento cocido",0.5,"taza",68,68,19,0.6,0.1,4.6,0.8,40,51,11,0.3,113,"ND","ND",
"Verdura","Pimiento fresco",1,"taza",60,60,17,0.5,0.1,3.8,1.1,38.4,54,13.2,0.3,106.8,"ND","ND",
"Verdura","Pimiento rojo crudo chico",1,"pieza",75,64,17,0.7,0.1,4,0.6,100.1,81.4,29.3,0.3,134.5,"ND","ND",
"Verdura","Pimiento verde crudo chico",1,"pieza",75,64,17,0.7,0.1,4,0.6,11.5,51.3,6.4,0.2,111.6,"ND","ND",
"Verdura","Poro crudo",0.25,"taza",40,32,21,0.5,0.1,4.5,1.2,26.6,3.5,20.5,0.7,57.6,"ND","ND",
"Verdura","Puerro crudo",0.25,"pieza",22,22,14,0.3,0.1,3.2,0.9,18.5,2.7,14.2,0.5,40.1,"ND","ND",
"Verdura","Puerro hervido sin sal",0.5,"pieza",62,62,19,0.5,0.1,4.7,0.6,25.4,2.6,14.9,0.7,53.9,"ND","ND",
"Verdura","Puré de tomate enlatado",0.25,"taza",63,63,24,1,0.1,5.6,1.5,16.3,6.6,6.9,1.1,274.4,"ND","ND",
"Verdura","Quelite crudo",80,"g",80,66,26,3.1,0.3,2.6,0.8,213.2,26.2,"ND",2.4,400.8,"ND","ND",
"Verdura","Rábano crudo rebanado",1,"taza",116,104,17,0.7,0.1,3.5,1.7,0,15.5,26.1,0.4,243.3,"ND","ND",
"Verdura","Romerito crudo",120,"g",120,72,26,2.6,0.1,3.5,0.7,112,2.9,"ND",1.8,"ND","ND","ND",
"Verdura","Salsa de chile",0.5,"taza",115,115,28,1.2,0.2,5.2,2.8,4.6,2.3,0,0.6,234.6,"ND","ND",
"Verdura","Salsifí",35,"g",35,23,18,0.3,0,4,0.4,0,1.8,"ND",0.2,86.5,"ND","ND",
"Verdura","Semilla de guaje verde",5,"g",65,29,28,2.5,0.2,4,0.5,2.3,11.7,"ND",1.1,"ND","ND","ND",
"Verdura","Setas cocidas",0.5,"taza",78,78,21,2.5,0.3,3.4,2,0,"ND","ND","ND","ND","ND","ND",
"Verdura","Setas crudas",100,"g",100,85,23,2.7,0.3,3.7,2.1,0,2.6,17.9,3.7,314.5,"ND","ND",
"Verdura","Tomate verde",5,"pieza",100,86,21,0.9,0.2,3.9,2.1,1.7,1.7,"ND",0.4,175.4,"ND","ND",
"Verdura","Tomatitos (tomatiles)",75,"g",75,65,26,2.3,0.1,4.1,0.8,112.6,29.7,"ND",4.5,131.6,"ND","ND",
"Verdura","Verdolaga cocida",1,"taza",115,115,21,1.7,0.2,4.1,0.9,107,12.1,10.4,0.9,561.1,"ND","ND",
"Verdura","Verdolaga cruda limpia",2,"taza",192,192,31,2.5,0.2,6.6,1.5,126.7,40.3,23,3.8,948.5,"ND","ND",
"Verdura","Verdura (mexcla) congelada, cocida sin sal",0.5,"taza",46,46,30,1.3,0.1,4.6,2,97.4,1.5,8.6,0.4,76.9,"ND","ND",
"Verdura","Xoconostle",3,"pieza",102,71,18,0.1,0.3,3.7,1.6,1.4,15.7,"ND",0.2,"ND","ND","ND",
"Verdura","Yemitas (hongos) crudas",2,"taza",160,160,27,4.8,1.7,6.4,3.6,0,6.1,"ND",6,"ND","ND","ND",
"Verdura","Yerbamora cruda",50,"g",50,41,21,2,0.3,3.6,0.6,13.9,49.2,"ND",3.7,"ND","ND","ND",
"Verdura","Zanahoria miniatura cruda",4,"pieza",60,60,21,0.4,0.1,4.9,1.7,414,1.6,16.2,0.5,142.2,47,2.3,
"Verdura","Zanahoria picada cruda",0.5,"taza",64,64,26,0.6,0.2,4.3,1.8,534.4,3.8,12.2,0.2,204.8,47,2,
"Verdura","Zanahoria rallada cruda",0.5,"taza",55,55,23,0.5,0.1,4.1,1.5,459.3,3.2,10.5,0.2,176,47,1.9,
"Frutas","ALIMENTOS","Cantidad sugerida","Unidad","Peso bruto redondeado (g)","Peso neto (g)","Energia (Kcal)","Proteina (g)","Lípidos (g)","Hidratos de carbono (g)","Fibra (g)","Vitamina A     (µg RE)","Acido Ascórbico   (mg)","Acido Fólico (µg)","Hierro NO HEM (mg)","Potasio (mg)","Azúcar por equivalente (g)","indice glicémuco","Carga glicémica"
"Frutas","Agua de coco",1.5,"taza",360,360,65,1.1,0.7,16.9,0,0,7.2,0,4.3,529.2,0,"ND","ND"
"Frutas","Albaricoque en almibar",0.25,"taza",65,65,54,0.4,0.1,13.8,1.8,94.3,2,1.3,0.2,92.3,12,"ND","ND"
"Frutas","Albaricoque en mitades enlatados en jugo",0.5,"taza",122,122,59,0.8,0.1,15.1,2,103.5,6,2.5,0.4,201.5,13.1,"ND","ND"
"Frutas","Albaricoque en mitades enlatados en agua",1,"taza",227,227,61,1.6,0.4,14.5,3.6,167,7,5.1,0.7,349,10.9,"ND","ND"
"Frutas","Anona",130,"g",130,59,59,1,0.4,14.7,2,0,5.3,0,0.4,223.5,0,"ND","ND"
"Frutas","Arándano fresco",1.5,"taza",150,147,68,0.6,0.2,17.9,6.8,7.4,25,8,0.7,129.4,5.9,"ND","ND"
"Frutas","Arándano seco con azucar",0.5,"taza",5,5,51,0,0.3,13.6,1,0,0,0,0.1,6.5,10.7,"ND","ND"
"Frutas","Blueberries",0.75,"taza",109,107,61,0.7,0.4,15.4,2.6,0,13.9,6.4,0.2,94.9,10.6,,"ND"
"Frutas","Blueberries congeladas",0.75,"taza",116,116,59,0.5,0.8,14.2,3.2,1.5,9,8.1,0.2,63,9.8,"ND","ND"
"Frutas","Blueberries congeladas con azucar",0.25,"taza",58,58,47,0.2,0.1,12.6,1.3,0.5,3.5,4,0.2,34.5,11.4,"ND","ND"
"Frutas","Blueberries en almibar",0.25,"taza",64,64,56,0.4,0.2,14.1,1,1.3,0.8,1.3,0.2,25.5,13.1,"ND","ND"
"Frutas","Breba",5,"pieza",200,192,63,1,0.2,16.1,3.3,71,1.9,0,4.4,372.5,0,"ND","ND"
"Frutas","Caimito blanco o morado",1,"pieza",200,130,68,1.7,2.2,12.2,3.8,0,15.6,0,5.7,0,0,"ND","ND"
"Frutas","Calabaza melón",130,"g",130,98,58,2.8,0.9,11.2,1.3,36.1,23.4,0,2.6,0,0,"ND","ND"
"Frutas","Cana de azúcar",250,"g",250,100,64,0.5,0.5,17.2,1.9,0,8,0,0.7,0,0,"ND","ND"
"Frutas","Capulín",3,"taza",480,96,63,1.4,0,16.1,0.6,25,12.5,0,1.3,0,0,"ND","ND"
"Frutas","Carambolo o Carambola",1.5,"pieza",191,171,53,1.8,0.6,11.5,4.8,83.7,36.5,24.3,0.4,279.5,6.8,"ND","ND"
"Frutas","Cereza",20,"pieza",136,88,56,0.9,0.2,14.7,2.1,18.2,6.5,3.9,0.4,197.6,11.3,22,3.2
"Frutas","Cereza congeladas",1,"taza",155,155,71,1.4,0.7,17.1,2.5,68,3,7.8,0.8,192,14,"ND","ND"
"Frutas","Cerezas en almibar",0.25,"taza",64,64,58,0.5,0.1,14.9,0.7,22.8,1.3,5.1,0.8,59.8,14.5,"ND","ND"
"Frutas","Cerezas maschino enlatadas",4,"pieza",20,20,64,0,0,16.8,1.2,0,0,0,0.2,8,15.6,"ND","ND"
"Frutas","Chabacano",4,"pieza",140,126,61,1.8,0.5,14,2.5,329.3,13.1,10.7,0.7,373.2,11.6,57,8
"Frutas","Chagua",150,"g",150,150,114,15.8,1.3,14,4.7,0.2,6.8,0,4.6,0,0,"ND","ND"
"Frutas","Cherimoya picada",0.5,"taza",78,78,58,1.3,0.5,13.8,1.8,3,6,14.1,0.2,210,0,"ND","ND"
"Frutas","Chicozapote",0.5,"pieza",85,75,62,0.3,0.8,14.9,4,4.4,11,10.6,0.6,144.3,0,40,6
"Frutas","Chirimoya",0.333333333333333,"pieza",112,56,53,0.7,0.2,13.4,1.2,0.6,5,0,0.3,0,0,"ND","ND"
"Frutas","Ciricote",300,"g",30,90,59,1.1,0.1,15,1.4,25.2,9.9,0,1.7,0,0,"ND","ND"
"Frutas","Ciruela criolla roja o amarilla",3,"pieza",198,158,73,1.1,0.4,18.1,2.2,50.4,14.4,2.4,0.2,273.6,0,39,7.1
"Frutas","Ciruela negra",0.5,"pieza",83,66,50,0.7,0,12.5,1.3,"ND",4.1,"ND",0,68.4,10.6,"ND","ND"
"Frutas","Ciruela pasa deshuesada",7,"pieza",56,56,60,0.5,0.1,15.7,1.7,140,0,0,0.4,0,14,29,4.6
"Frutas","Cocktail de frutas en almibar",0.25,"taza",62,62,44,0.3,0.1,11.7,1.1,8.8,1.3,1.9,0.2,55.8,10.6,"ND","ND"
"Frutas","Cocktail de frutas enlatado en agua",0.5,"taza",119,119,38,0.5,0.1,10.1,1.2,15.5,2.5,3.6,0.3,111.5,8.9,"ND","ND"
"Frutas","Cocktail de frutas enlatado en jugo de frutas",0.5,"taza",119,119,55,0.6,0,14.1,1.2,18,3,3.6,0.3,112.5,12.9,"ND","ND"
"Frutas","Cocoyol",170,"g",170,43,74,2.5,3.8,9.5,2.1,9.8,49.3,0,1.9,0,0,"ND","ND"
"Frutas","Coloc",60,"g",60,60,61,1.1,0.3,15.4,0.36,0.4,14.8,0,3.2,0,0,"ND","ND"
"Frutas","Cundeamor",450,"g",450,450,32,3.9,0.7,15.9,5.6,0.3,230,0,7.7,0,0,"ND","ND"
"Frutas","Dátil seco",2,"pieza",17,17,46,0.3,0,12.4,1.1,0.8,0,2,0.2,108.2,11,103,12.8
"Frutas","Durazno amarillo",2,"pieza",174,153,60,1.4,0.2,14.6,2.3,82.7,10.6,5.3,0.2,301,12.8,42,6.1
"Frutas","Durazno con azúcar congelado",0.25,"taza",63,63,59,0.4,0.1,15,1.1,8.8,59,1.9,0.2,81.3,13.9,"ND","ND"
"Frutas","Durazno en almibar",0.5,"taza",126,126,68,0.6,0.1,18.3,1.7,22.5,3,3.8,0.5,121.5,16.7,"ND","ND"
"Frutas","Durazno enlatado en agua",1,"taza",244,244,59,1.1,0.1,14.9,3.2,66,7,7.3,0.8,242,11.7,"ND","ND"
"Frutas","Durazno enlatado en jugo",0.5,"taza",125,125,55,0.8,0.1,14.5,1.6,24,4.5,3.8,0.3,160,12.9,"ND","ND"
"Frutas","Durazno prisco",3,"pieza",150,132,51,1.2,0.1,12.5,2,46.2,13.2,0,0.4,266.6,11.1,"ND","ND"
"Frutas","Frambuesa",1,"taza",123,123,64,1.5,0.8,14.7,8,6,31,32,0.7,187,5.4,"ND","ND"
"Frutas","Fresa entera",17,"pieza med",204,204,65,1.4,0.6,15.7,4.1,55.1,120,49,0.8,312.1,10,40,6.3
"Frutas","Fresa rebanada",1,"taza",166,1066,53,1.1,0.5,12.7,3.3,44.8,97.6,39.8,0.7,254,8.1,"ND","ND"
"Frutas","Fresas congeladas con azucar",0.25,"taza",64,64,50,0.3,0.1,13.4,1.2,0.8,25.3,2.6,0.3,62.5,11.9,"ND","ND"
"Frutas","Fresas congeladas sin azúcar",0.5,"taza",111,111,39,0.5,0.1,10.1,2.3,2,45.2,18.8,0.8,163.5,5.1,"ND","ND"
"Frutas","Fruta de la pasión",3,"pieza",165,58,56,1.3,0.4,13.5,6,41.7,16,9.6,0.9,202.1,6.5,"ND","ND"
"Frutas","Fruta picada",1,"taza",140,140,59,0.7,0.3,14.7,1.4,30.3,37.4,13.1,0.2,213.2,7.7,"ND","ND"
"Frutas","Fruto del pan",85,"g",85,74,60,1,0.4,14.9,1.3,3,21.4,0,0.4,362.4,0,38,5.6
"Frutas","Gajos de mandarina",1,"taza",105,105,56,0.9,0.3,14,1.9,113.4,75.6,8.4,0.3,186.9,11.1,"ND","ND"
"Frutas","Gajos de naranja",1,"taza",150,150,71,1.4,0.2,17.7,3.6,18,79.5,45,0.2,271.5,14,"ND","ND"
"Frutas","Gajos de toronja",1,"taza",150,150,50,0.8,0.2,12.6,1.7,0,0,0,0,0,11,"ND","ND"
"Frutas","Giotilla",200,"g",200,130,66,2.3,1,13.9,2,0,22.1,0,4.3,0,0,"ND","ND"
"Frutas","Granada chica",2,"pieza",120,67,65,1.5,0.5,15.7,7.3,18.8,20.2,13.4,1.1,233.9,0,"ND","ND"
"Frutas","Granada roja",1,"pieza",190,87,44,0.9,0.3,15.5,2.4,0,5.2,0,0.3,226.4,0,"ND","ND"
"Frutas","Grosellas",1,"taza",150,150,66,1.3,0.9,15.3,6.4,22,42,9,0.5,297,0,"ND","ND"
"Frutas","Grosellas en almibar",0.25,"taza",63,63,46,0.4,0.1,11.8,1.5,4.5,6.3,1.9,0.2,48.5,0,"ND","ND"
"Frutas","Grosellas negras",1,"taza",112,112,71,1.6,0.5,17.2,0,13,203,0,1.7,361,0,"ND","ND"
"Frutas","Grosellas rojas o blancas",1,"taza",112,112,63,1.6,0.2,15.5,4.8,2,46,9,1.1,308,8.3,"ND","ND"
"Frutas","Guanábana",1,"pieza chica",350,238,90,1,3.8,15.5,9,92.8,50,0,5.5,0,0,"ND","ND"
"Frutas","Guayaba",3,"pieza",135,124,63,1,0.7,14.8,7,39.7,227.3,0,0.4,252.7,0,"ND","ND"
"Frutas","Guayaba rosa",1,"pieza",90,77,52,2,0.7,11,4.1,6.9,28,0,0.2,223.2,6.8,"ND","ND"
"Frutas","Higo",2,"pieza",80,72,53,0.6,0.1,13.8,2.1,10.1,1.4,4.3,0.3,167,11.7,"ND","ND"
"Frutas","Higo deshidratado",1,"pieza",19,19,47,0.6,0.2,11.9,1.8,2.4,0.1,1.4,0.4,133.1,9,61,7.3
"Frutas","Jinicuil",250,"g",250,50,73,6,0.5,13.5,0.5,10,14,0,1,0,0,"ND","ND"
"Frutas","Jugod de limón",0.75,"taza",180,180,45,0.7,0,15.6,0.7,3.7,82.6,22.9,0.1,223.5,4.3,"ND","ND"
"Frutas","Jugo de mamey",0.333333333333333,"taza",80,80,52,0.6,0.1,12.5,0.2,0,0,0,0,0,0,"ND","ND"
"Frutas","Jugo de mandarina natural",0.5,"taza",120,120,46,0.8,0,11.3,1.4,0,0,0,0,0,9.9,"ND","ND"
"Frutas","Jugo de mango",0.5,"taza",120,120,61,0.1,0.1,15.7,0.4,0,0,0,0,0,14.9,"ND","ND"
"Frutas","Jugo de naranja natural",0.5,"taza",120,120,54,0.8,0.2,12.5,0.2,24.2,60,36.3,0.2,240,10.1,46,5.7
"Frutas","Jugo de papaya",0.333333333333333,"taza",79,79,45,0.1,0.1,11.5,0.5,0,0,0,0,0,11,"ND","ND"
"Frutas","Jugo de toronja natural",0.5,"taza",120,120,47,0.6,0.1,11,0.1,1,45.7,12.1,0.2,194.3,10.1,48,5.3
"Frutas","Kiwi",1.5,"pieza",132,114,69,1.2,0.6,16.6,3.4,20.9,110.5,43.3,0.5,376.4,10.2,53,8.8
"Frutas","Lichis",12,"pieza",180,90,59,0.7,0.3,14.9,1.2,0,0,0,0,0,13.7,79,11.8
"Frutas","Lima",3,"pieza",234,147,44,1,0.3,15.5,4.1,5.1,78.8,15.3,0.9,203.3,2.5,"ND","ND"
"Frutas","Limón real",4,"pieza",232,153,31,1.8,0.5,16.4,7.2,0,45.9,0,2.4,0,0,"ND","ND"
"Frutas","Mamey",0.333333333333333,"pieza",137,85,58,1.4,0.5,13.7,3.8,51.7,19.5,0,2,0,0,"ND","ND"
"Frutas","Mandarina",2,"pieza",180,128,68,1,0.4,17,2.3,138,92,10.2,0.4,227.5,13.5,"ND","ND"
"Frutas","Mandarina reyna",1,"pieza",200,142,75,1.2,0.4,18.9,2.6,153.4,102.2,11.4,0.4,252.8,15,"ND","ND"
"Frutas","Mango ataúlfo",0.5,"pieza",95,62,40,0.3,0.2,10.5,1.1,84.6,17.3,0,0.1,96.3,0,"ND","ND"
"Frutas","Mango criollo",1.5,"pieza",300,162,57,1.3,0,14.6,1.8,388.8,129.6,0,2.1,306.2,0,"ND","ND"
"Frutas","Mango en almibar enlatado",1,"pieza",61,61,56,0.3,0.1,15,0.1,31.7,19.5,0,0.5,0,0,"ND","ND"
"Frutas","mango manila",1,"pieza",207,145,62,1.2,0,16.1,1.6,486.9,110.1,0,1.2,273.9,0,20,3.5
"Frutas","Mango petacón",0.5,"pieza",200,110,72,0.6,0.3,12.9,1.2,150.7,38.8,0,0.1,171.6,0,"ND","ND"
"Frutas","Mango picado",1,"taza",165,165,58,1.3,0,14.9,1.8,226.1,46.2,0,0.2,257.4,0,"ND","ND"
"Frutas","Mangosteno enlatado en jarabe",0.5,"taza",98,98,72,0.4,0.6,17.6,1.8,2,3,30.4,0.3,47,0,"ND","ND"
"Frutas","Manzana",1,"pieza",138,106,55,0.3,0.2,14.7,2.6,5.4,6.2,3.1,0.2,122.4,11,38,5.6
"Frutas","Manzana al vapor",0.5,"taza",86,86,44,0.2,0.1,11.7,2.1,3.5,0,0.5,0.2,75,8.9,"ND","ND"
"Frutas","Manzana amarilla",1,"pieza",130,100,65,0.3,0.3,16.5,2.1,10,11,0.4,0.7,113.1,10.4,"ND","ND"
"Frutas","Manzana cocida",0.5,"taza",86,86,44,".2.",0.1,11.7,2.1,3.5,0,0.5,0.2,75,8.9,"ND","ND"
"Frutas","Manzana deshidratada",9,"orejon",23,23,55,0.2,0.1,15,2,0,0.7,0,0.3,102.4,13,"ND","ND"
"Frutas","Manzana en almibar",1,"pieza",24,24,54,0,0,15.7,2.1,1.2,0.5,0.1,0,16.2,13.6,"ND","ND"
"Frutas","Manzana en almibar enlatada",1,"pieza",24,24,54,0,0,15.7,2.1,1.2,0.5,0.1,0,16.2,13.6,"ND","ND"
"Frutas","Manzana golden",1,"pieza",130,100,65,0.3,0.3,16.5,2.1,10,11,0.4,0.7,113.1,13.5,"ND","ND"
"Frutas","Manzana granny",0.5,"pieza",93,71,42,0.2,0.3,10.8,1.9,3.6,4.1,2.1,0.1,82.1,9.5,"ND","ND"
"Frutas","Manzana picada",0.5,"taza",75,75,44,0.2,0.3,11.4,2,3.8,4.3,2.2,0.1,86.4,10,"ND","ND"
"Frutas","Manzana roja",1,"pieza",185,142,84,0.3,0.5,21.7,3.8,7.2,8.3,4.1,0.3,164.1,19,"ND","ND"
"Frutas","Manzana sin cascara",1,"pieza",128,128,73,0.2,0.4,19,1.7,5,5,1,0.1,145,12.9,"ND","ND"
"Frutas","Manzana verde",0.5,"pieza",93,71,42,0.2,0.3,10.8,1.9,3.6,4.1,2.1,0.1,82.1,9.5,"ND","ND"
"Frutas","Manzana Washington",0.5,"pieza",93,71,42,0.2,0.3,10.8,1.9,3.6,4.1,2.1,0.1,82.1,9.5,"ND","ND"
"Frutas","Maracuyá",3,"pieza",150,53,51,1.2,0.4,12.3,5.5,37.9,14.6,8.8,0.8,183.8,5.9,"ND","ND"
"Frutas","Maracuyá  rebanado",0.5,"taza",69,69,66,1.5,0.5,16,7.1,49.5,19,11.4,1.1,239.8,7.7,"ND","ND"
"Frutas","Marañon fresco",190,"g",190,171,62,1.5,0.5,14.4,4.6,136.8,285.6,0,4.1,0,0,"ND","ND"
"Frutas","Melón",0.333333333333333,"pieza",271,179,61,1.5,0.3,14.6,1.6,225.6,64.5,30.4,0.4,553.4,14.1,65,9.5
"Frutas","Melón cantaloupe",0.333333333333333,"pieza",271,179,61,1.5,0.3,14.6,1.6,225.6,64.5,30.4,0.4,553.4,14.1,"ND","ND"
"Frutas","Melón chico",0.25,"pieza",219,144,52,0.8,0.2,13.1,1.2,181.9,52,24.5,0.3,446.1,11.7,"ND","ND"
"Frutas","Melón picado",1,"taza",160,160,54,1.3,0.3,13.1,1.4,201.6,57.6,27.2,0.3,494.4,12.6,"ND","ND"
"Frutas","Melón valenciano",0.333333333333333,"pieza",271,179,61,1.5,0.3,14.6,1.6,5.4,75.2,30.4,0.4,553.4,14.1,"ND","ND"
"Frutas","Melón valenciano picado",1,"taza",160,160,54,1.3,0.3,13.1,1.4,4.8,67.2,27.2,0.3,494.4,12.6,"ND","ND"
"Frutas","Melón verde picado",1,"taza",160,160,58,0.9,0.2,14.5,1.3,515,68,27,0.3,494,13,"ND","ND"
"Frutas","Membrillo",1,"pieza",163,98,56,0.4,0.1,15,1.7,3.9,14.7,0,0.7,192.7,0,"ND","ND"
"Frutas","Moras",0.75,"taza",108,108,67,2.2,0.6,14.9,8.2,42.1,22.7,27,0.7,175,7.6,"ND","ND"
"Frutas","Nanche agrio",45,"pieza",225,122,66,1.3,1.6,13.9,2.4,4.9,86.3,0,1.2,0,0,"ND","ND"
"Frutas","Naranja",2,"pieza",242,152,72,1.4,0.2,18,3.7,18.3,80.8,45.7,0.2,276,14.3,42,7.6
"Frutas","Naranja agria",2,"pieza",200,126,73,1.9,0.8,14.9,3,12.6,39.1,0,1,252,11.8,"ND","ND"
"Frutas","Naranja cajera",2,"pieza",220,139,69,1.4,1,16.4,3.3,15.2,70.7,0,3.5,277.2,13,"ND","ND"
"Frutas","Naranja chica",4,"pieza",140,129,48,2.1,0.4,15.2,3.1,36.1,56.7,0,1.2,0,12,"ND","ND"
"Frutas","Naranja sin semilla",1,"pieza",201,155,72,1.1,0.6,18.3,3.7,0,0,0,0,0,14.5,"ND","ND"
"Frutas","Naranja valenciana",2,"pieza",242,162,79,1.7,0.5,19.1,3.9,37.5,79.1,63,0.1,290.8,15.2,"ND","ND"
"Frutas","Naranja concentrada",0.5,"taza",130,130,57,1,0.2,13.2,0.3,0,0,0,0,7.6,0,"ND","ND"
"Frutas","Nectarina",1,"pieza",136,124,54,1.3,0.4,13.1,2.1,91.9,6.4,4.6,0.2,262.1,9.8,"ND","ND"
"Frutas","Nispero",25,"pieza",350,140,59,0.1,1.2,13.3,0,0,0,0,0,0,0,"ND","ND"
"Frutas","Níspero del japón",2,"pieza",180,108,52,0.4,0.2,13.4,1.3,56.2,1.1,8.6,0.3,287.3,0,"ND","ND"
"Frutas","Orejones de chabacano",7,"pieza",25,25,59,0.8,0.1,15.3,1.8,177.1,0.7,2.8,1.2,337.4,13.1,30,4.6
"Frutas","Orejones de durazno",2,"pieza",26,26,62,0.9,0.2,15.9,2.1,56.2,1.2,0,1.1,259,10.9,"ND","ND"
"Frutas","Orejones de manzana",9,"pieza",23,23,55,0.2,0.1,14.8,2,0,0.7,0,0.3,101.3,12.9,29,4.3
"Frutas","Orejones de pera",1,"pieza",18,18,47,0.3,0.1,12.5,1.3,0,1.2,0,0.4,96,11.2,"ND","ND"
"Frutas","Papaya hawaiana",0.5,"pieza pequeña",152,114,45,0.7,0.2,11.2,2.1,23.9,70.5,43.3,0.1,292.9,0,"ND","ND"
"Frutas","Papaya picada",1,"taza",140,140,55,0.8,0.1,13.7,2.5,29.4,86.5,53.2,0.1,359.8,0,59,8.1
"Frutas","Papilla de chabacano con tapioca",0.75,"frasco",98,98,61,0.3,0,16.9,1.5,70.2,2,1.5,0.3,118,1.4,"ND","ND"
"Frutas","Papilla de ciruela con tapioca",0.75,"frasco",98,98,68,0.6,0.1,18.2,2.6,43.9,1,0.2,0.4,172.6,10.7,"ND","ND"
"Frutas","Papilla de durazno",0.75,"frasco",98,98,63,0.9,0.3,14.1,1.3,15.6,2.9,3.8,0.2,158,11.2,"ND","ND"
"Frutas","Papilla de frutas mixtas",0.75,"frasco",98,98,59,0.2,0,16,"ND",0,30.2,0,0.2,81.9,0,"ND","ND"
"Frutas","Papilla de guayaba y papaya con tapioca",0.75,"frasco",98,98,61,0.2,0.1,16.6,"ND",0,100.6,0,0.1,146.3,0,"ND","ND"
"Frutas","Papilla de mango con tapioca",0.666666666666667,"frasco",85,85,59,0.3,0.2,16.1,0.9,56.6,1.7,0,0.1,49.9,11,"ND","ND"
"Frutas","Papilla de manzana",0.666666666666667,"frasco",85,85,61,0.3,0,16.6,"ND",1.7,0,0.3,0.2,42.3,0,"ND","ND"
"Frutas","Papilla de manzana y chabacano",1,"frasco",130,130,61,0.3,0.3,16.1,2.3,50.7,2,1.7,0.1,156,11.3,"ND","ND"
"Frutas","Papilla de pera",0.75,"frasco",98,98,56,0.3,0.1,13.3,1.2,2.9,2,3.5,0.2,126.8,8.4,"ND","ND"
"Frutas","Papilla de pera y piña",1,"frasco",130,130,57,0.4,0.3,14.8,3.4,3.9,2.6,3.6,0.3,150.8,9.6,"ND","ND"
"Frutas","Papilla de platano y piña con tapioca",0.75,"frasco",98,98,66,0.2,0.1,17.9,1.6,3.9,2,5.4,0.1,76.1,8.2,"ND","ND"
"Frutas","Pasas",10,"pieza",20,20,59,0.5,0.1,15.7,1.4,0,1,0.6,0.5,165,0,64,10
"Frutas","Pasitas",10,"pieza",20,20,59,0.5,0.1,15.7,1.4,0,1,0.6,0.5,165,0,"ND","ND"
"Frutas","Pasitas en semilla",10,"pieza",20,20,60,0.6,0.1,15.8,0.7,0.2,0.6,0.6,0.4,150.2,11.8,"ND","ND"
"Frutas","Pera",0.5,"pieza",95,81,47,0.3,0.1,12.5,2.5,1.5,3.4,5.8,0.2,101.2,7.9,38,4.7
"Frutas","Pera asiática",0.5,"pieza",138,117,49,0.6,0.3,12.4,4.2,0,4.4,0,0,141.8,8.2,"ND","ND"
"Frutas","Pera bartlett",0.5,"pieza",91,77,45,0.3,0.1,12,2.4,1.4,3.3,5.6,0.2,96.9,7.6,"ND","ND"
"Frutas","Pera d´anjou",0.5,"pieza",95,81,47,0.3,0.1,12.5,2.5,1.5,3.4,5.8,0.2,101.2,7.9,"ND","ND"
"Frutas","Pera de agua",0.5,"pieza",91,74,43,0.3,0.1,11.4,2.3,1.3,3.1,5.6,0.2,92.4,7.2,"ND","ND"
"Frutas","Pera de San Juan",2,"pieza",130,105,61,0.4,0.1,16.3,3.3,1.9,4.4,7.6,0.3,131.9,10.3,"ND","ND"
"Frutas","Pera deshidratada",1,"orejon",18,18,46,0.3,0.1,12.2,1.3,0,1.2,0,0.4,93.3,0,"ND","ND"
"Frutas","Pera en almibar",0.5,"pieza",76,76,44,0.3,0.1,11.7,2.4,0,0.6,0.9,0.2,50.3,7.4,"ND","ND"
"Frutas","Pera mantequilla",0.5,"pieza",83,70,41,0.3,0.1,10.8,2.2,1.3,3,5.1,0.2,87.9,6.9,"ND","ND"
"Frutas","Pera picada",1,"taza",150,150,63,0.8,0.3,16,5.4,2.7,6.3,10.8,0.4,188,10.6,"ND","ND"
"Frutas","Pera piña",0.5,"pieza",100,80,46,0.3,0.1,12.4,2.5,1.4,3.4,5.8,0.2,100.2,7.8,"ND","ND"
"Frutas","Pera rebanada",0.666666666666667,"taza",98,98,41,0.5,0.2,10.4,3.5,1.8,4.1,7,0.2,122.2,6.9,"ND","ND"
"Frutas","Pera roja",0.5,"pieza",90,81,47,0.3,0.1,12.5,2.5,0,0.6,1,0.2,53.6,7.9,"ND","ND"
"Frutas","Pera roja rebanada",0.5,"taza",80,80,46,0.3,0.1,12.4,2.5,0,0.6,1,0.2,52.9,7.8,"ND","ND"
"Frutas","Perón",1,"pieza",150,105,65,0.4,0.4,16.7,2.2,1.1,5.3,0,0.8,0,0,"ND","ND"
"Frutas","Perón picado",1,"taza",125,125,78,0.5,0.5,19.9,2.6,1.3,6.3,0,1,0,0,"ND","ND"
"Frutas","Pérsimo",2,"pieza",50,50,64,0.4,0.2,16.8,"ND",0,34,0,1.3,156,0,"ND","ND"
"Frutas","Pérsimo japonés",0.5,"pieza",84,84,59,0.5,0.2,15.6,3,182.5,6.5,6.5,0.1,135,10.5,"ND","ND"
"Frutas","Piña en almibar",1,"rebanada",50,50,42,0.2,0.1,10.8,0.4,0.5,2,2.3,0.7,51.3,0,"ND","ND"
"Frutas","Piña en almibar",0.333333333333333,"taza",63,63,53,0.2,0.1,13.6,0.5,0.7,4.7,3,0.2,65.8,0,"ND","ND"
"Frutas","Piña picada",0.75,"taza",124,124,62,0.7,0.1,16.2,1.7,2.4,19.2,12.8,0.5,139.7,12.2,59,9.6
"Frutas","Piña rebanada",1,"rebanada",84,84,42,0.5,0.1,11,1.2,1.6,13,8.7,0.3,94.8,8.3,"ND","ND"
"Frutas","Pitahaya",2,"pieza",240,108,52,1.7,0.6,11.2,2.2,0,17.3,0,2.1,0,0,"ND","ND"
"Frutas","Plátano",0.5,"pieza",80,54,48,0.6,0.2,12.4,1.4,4.3,4.8,10.5,0.2,215.2,6.7,52,6.4
"Frutas","Plátano deshidratado",0.25,"taza",20,20,69,0.8,0.4,17.7,2,0,0,0,0,0,9.5,"ND","ND"
"Frutas","Plátano dominico",3,"pieza",105,57,54,0.1,0.1,14,1.2,20.4,13,12.5,0.7,209.8,7.4,"ND","ND"
"Frutas","Plátano machacado",0.25,"taza",56,56,50,0.6,0.2,12.8,1.5,34.9,7.3,12.4,0.4,208.1,6.9,"ND","ND"
"Frutas","Plátano macho",0.25,"pieza",95,49,95,0.5,0.2,11.6,1,38,4.4,9.4,0.1,195.6,6,"ND","ND"
"Frutas","Plátano macho rebanado",0.333333333333333,"taza",51,51,99,0.5,0.3,12,1.1,39.5,4.6,9.8,0.2,203.3,6.3,"ND","ND"
"Frutas","Plátano manzano",0.5,"pieza",90,49,47,0.5,0.3,11.8,1,6.8,6.3,10.7,0.6,179.8,5.9,"ND","ND"
"Frutas","Plátano morado",0.5,"pieza",90,49,41,0.9,0.1,10.3,1,20.4,3.9,10.7,0.7,179.8,5.9,"ND","ND"
"Frutas","Pomarosa",140,"g",140,95,60,0.6,0.2,15.6,1.3,32.4,20.9,0,0.4,117.1,0,"ND","ND"
"Frutas","Pomelo",260,"g",260,153,58,0.9,0.2,14.7,0.3,0,93.6,18.4,0.2,331.3,0,25,3.7
"Frutas","Prisco",3.5,"pieza",175,154,59,0.9,0.2,14.9,2.2,53.9,15.4,0,0.5,311.1,0,"ND","ND"
"Frutas","Pulpa de fresa",2,"cucharada",25,25,44,0.1,0.1,11.9,0.2,0,0,0,0,0,0,"ND","ND"
"Frutas","Pulpa de guanabana",2,"cucharada",25,25,45,0.1,0.1,12.3,0.1,0,0,0,0,0,0,"ND","ND"
"Frutas","Pulpa de mamey",6,"cucharada",75,75,52,1.3,0.5,12.2,3.4,45.8,17.3,0,1.8,0,0,"ND","ND"
"Frutas","Pulpa de tamarindo",8,"cucharada",100,100,57,0.1,0.1,14.7,0.5,0,0,0,0,0,12.7,"ND","ND"
"Frutas","Pulpa de zapote negro",0.5,"taza",105,105,59,0.8,0.1,15.2,1.3,10.5,87.2,0,1.7,0,0,"ND","ND"
"Frutas","Puré de ciruela pasa",3,"cucharada",41,41,51,0.5,0.1,13.6,0.2,12,0.8,0,0.4,128.7,0,"ND","ND"
"Frutas","Puré de guayaba",0.5,"frasco",65,65,49,0.1,0.1,12,1.7,0,67,0,0.1,97.5,0,"ND","ND"
"Frutas","Puré de guayaba gerber 2A etapa",0.5,"frasco",65,65,49,0.1,0.1,12,1.7,0,67,0,0.1,97.5,0,"ND","ND"
"Frutas","Puré de manzana",6,"cucharada",83,83,63,0.1,0.1,16.4,1,0,1.3,0,0,60.4,13.6,"ND","ND"
"Frutas","Puré de manzana sin azúcar",0.5,"taza",122,122,52,0.2,0.1,13.8,1.5,4,1,1,0.2,92,0,"ND","ND"
"Frutas","Puré de platano",0.25,"taza",56,56,50,0.6,0.2,12.8,1.5,34.9,7.3,12.4,0.4,208.1,6.9,"ND","ND"
"Frutas","Rambután",7,"pieza",175,88,55,0.6,0.3,15,0.9,8.6,3.8,3.8,0.3,167.4,14.4,"ND","ND"
"Frutas","Rambután en almibar",0.25,"taza",54,54,44,0.4,0.1,11.2,0.5,0,2.5,4.3,0.2,22.5,0,33,3.7
"Frutas","Rollo de frutas",1,"pieza",21,21,78,0,0.6,18,0,3,1,2,0.2,62,10.3,"ND","ND"
"Frutas","Salsa de arandanos en gelatina enlatada",0.5,"rebanada",29,29,43,0.1,0.1,11.1,0.3,0.5,0.5,0.3,0.1,7.5,10.8,"ND","ND"
"Frutas","Sandia picada",1,"taza",160,160,48,1,0.2,12.1,0.6,59,15,4,0.3,186,9.9,72,8.7
"Frutas","Sandia rebanada",1,"rebanada",200,200,60,1.3,0.3,15.1,0.8,73.8,18.8,5,0.3,232.5,12.4,"ND","ND"
"Frutas","Saramuyo",130,"g",130,85,63,1.8,0.8,13.8,0,7.6,27,0,0,0,0,"ND","ND"
"Frutas","Semilla de jinicuil",200,"g",200,40,58,4.8,0.4,10.8,0.4,8,11.2,0,0.8,0,0,"ND","ND"
"Frutas","Tamarindo",50,"g",50,25,60,0.7,0.1,15.6,1.3,0.8,0.8,3.5,0.7,157.1,14.4,"ND","ND"
"Frutas","Tamarindo (pulpa sin azúcar)",8,"cucharada",100,100,57,0.1,0.1,14.7,0.5,0,0,0,0,0,12.7,"ND","ND"
"Frutas","Tamarindo pelado",0.25,"taza",30,30,72,0.9,0.2,18.8,1.5,1,1,4.3,0.8,188.5,17.2,"ND","ND"
"Frutas","Tangerina",2,"pieza",180,128,56,0.6,0.3,15.3,0.4,138,92,10.2,0.4,227.5,0,"ND","ND"
"Frutas","Tejocote",2,"pieza",70,60,52,0.5,0.4,13.1,1.6,251.1,27.4,0,1,0,0,"ND","ND"
"Frutas","Toronja",1,"pieza",246,162,54,0.9,0.2,13.7,1.8,4.9,86.1,16.2,0.2,225.7,11.9,25,3.4
"Frutas","Toronja en gajos",1,"taza",150,150,50,0.8,0.2,12.6,1.7,18.3,51.2,15.9,0.1,208.5,11,"ND","ND"
"Frutas","Toronja enlatada con jugo",0.5,"taza",125,125,46,0.9,0.1,11.5,0.5,0,42,11.2,0.3,213.5,11,"ND","ND"
"Frutas","Toronjas en almibar",0.5,"taza",127,127,76,0.7,0.2,19.6,0.5,0,27,11.5,0.5,164,19.1,"ND","ND"
"Frutas","Tuna",2,"pieza",250,138,56,1,0.7,13.2,5,6.9,19.3,0,0.4,302.5,0,"ND","ND"
"Frutas","Tuna cardona",2,"pieza",250,138,56,1,0.7,13.2,5,6.9,30.3,0,3.6,302.5,0,"ND","ND"
"Frutas","Tuna picada",1,"taza",150,150,62,1.1,0.8,14.4,5.4,7.5,21,0,0.5,330,0,"ND","ND"
"Frutas","Tuna roja",2,"pieza",250,138,56,1,0.7,13.2,5,6.9,30.3,0,3.6,302.5,0,"ND","ND"
"Frutas","Uva",18,"pieza",126,86,61,0.6,0.5,15.3,1.1,1.7,9.4,3.4,0.2,158.5,0,43,6.6
"Frutas","Uva blanca",1,"taza",92,87,59,0.6,0.3,15,0.8,8.6,3.8,3.8,0.3,167.2,14.3,"ND","ND"
"Frutas","Uva con semilla",1,"taza",10,114,76,0.7,0.4,19.6,1,7.8,12.1,4.3,0.3,210.9,18.7,"ND","ND"
"Frutas","Uva roja",1,"taza",120,114,76,0.7,0.4,19.6,1,7.8,12.1,4.3,0.3,210.9,18.7,"ND","ND"
"Frutas","Uva sin semilla",1,"taza",92,87,55,0.6,0.3,15,0.9,8.6,3.8,3.8,0.3,167.2,14.3,"ND","ND"
"Frutas","Uva verde",1,"taza",92,87,55,0.6,0.3,15,0.9,8.6,3.8,3.8,0.3,167.2,14.3,"ND","ND"
"Frutas","Uva verde sin semilla",1,"taza",92,87,55,0.6,0.3,15,0.9,8.6,3.8,3.8,0.3,167.2,14.3,"ND","ND"
"Frutas","Uvas enlatadas en agua",0.5,"taza",123,123,49,0.6,0.2,12.6,0.8,2.5,1,3.7,1.2,131,11.9,28,3.5
"Frutas","Xocoyol",900,"g",900,225,56,0.5,0.2,14.9,2.9,873,58.5,0,9.7,0,0,"ND","ND"
"Frutas","Zapote",0.25,"pieza",56,51,68,1.1,0.3,17.1,1.3,20.7,10.1,0,0.5,174.2,0,"ND","ND"
"Frutas","Zapote amarillo",0.5,"pieza",152,94,74,1.1,0.5,18.8,1,16.9,55.4,0,2,44.1,0,"ND","ND"
"Frutas","Zapote blanco",0.5,"pieza",152,115,81,2,0.8,18.5,1.4,8.1,41.5,0,0.2,0,0,"ND","ND"
"Frutas","Zapote borracho",0.25,"pieza",75,45,63,0.6,0.4,16.3,0.5,11.3,18,0,0.3,0,0,"ND","ND"
"Frutas","Zapote negro",0.5,"pieza",150,93,52,0.7,0.1,13.5,1.1,9.3,77.2,0,1.5,0,0,"ND","ND"
"Frutas","Zapote negro limpio",0.5,"taza",115,115,64,0.9,0.1,16.7,1.4,11.5,95.5,0,1.8,0,0,"ND","ND"
"Frutas","Zarzamora",1,"taza",150,144,75,1,0.9,18.4,5.9,56.2,30.2,0,0.7,282.2,0,"ND","ND"
"Frutas","Zarzamora congelada sin azúcar",0.5,"taza",76,76,49,0.9,0.3,11.9,3.8,4.5,2.5,25.7,0.6,105.5,8.1,"ND","ND"
"Frutas","Zarzamora en almibar",0.25,"taza",64,64,59,0.9,0.1,14.8,2.2,7,1.8,17.3,0.4,63.3,12.6,"ND","ND"
"Cereales sin grasa","ALIMENTOS","Cantidad sugerida","Unidad","Peso bruto redondeado (g)","Peso neto (g)","Energia (Kcal)","Proteina (g)","Lípidos (g)","Hidratos de carbono (g)","Fibra (g)","Acido Fólico (µg)","Calcio (mg)","Hierro (mg)","sodio (mg)","Azúcar por equivalente (g)","indice glicémuco","Carga glicémica",
"Cereales sin grasa","Alegría natural",5,"cucharadita",21,21,74,2.7,1.5,13.5,1.4,0,0.5,0.7,0,"ND","ND","ND",
"Cereales sin grasa","Alegría tostada",4,"cucharadita",16,16,63,2.2,1.3,11.7,1.6,0,47.9,0.3,0,"ND","ND","ND",
"Cereales sin grasa","Amaranto cocido",2.5,"taza",330,330,70,7,0.5,13.5,0,185,690,7.5,70,"ND","ND","ND",
"Cereales sin grasa","Amaranto tostado",0.25,"taza",16,16,63,2.2,1.3,11.6,1.6,0,47.5,0.3,0,"ND","ND","ND",
"Cereales sin grasa","Anillos de trigo azucarados de colores",0.5,"taza",16,16,63,1,0.6,13.4,0.2,0,1.5,2.3,53.5,"ND","ND","ND",
"Cereales sin grasa","Arroz cocido",0.25,"taza",47,47,60,1.1,0.1,13.3,0.1,26,1.4,0.7,0,"ND",64,29.8,
"Cereales sin grasa","Arroz crudo",20,"g",20,20,72,1.3,0.1,15.9,"ND",1.8,1.8,0.2,0.2,"ND","ND","ND",
"Cereales sin grasa","Arroz inflado con cocoa",0.5,"taza",17,17,64,0.9,0.2,14.7,0.1,58.2,3,1,126.2,"ND",82,"ND",
"Cereales sin grasa","Arroz inflado natural",0.5,"taza",17,17,65,1.1,0.1,14.6,0.5,58.2,3,1,126.2,"ND","ND","ND",
"Cereales sin grasa","Arroz integral cocido",0.333333333333333,"taza",65,65,73,1.5,0.5,15.3,1.2,2.6,6.7,0.3,0.7,"ND",66,42.9,
"Cereales sin grasa","Arroz integral crudo",20,"g",20,20,72,0.5,0.5,15.2,0.7,4,6.6,0.4,0.8,"ND","ND","ND",
"Cereales sin grasa","Arroz precocido cocido",0.333333333333333,"taza",52,52,64,1.5,0.2,13.6,0.5,1.6,9.9,0.1,1,0.1,48,25,
"Cereales sin grasa","Arroz precocido crudo",20,"g",20,20,75,1.6,0.2,16.1,0.4,1.6,11,0.1,0.6,0.1,"ND","ND",
"Cereales sin grasa","Arroz pulido crudo",20,"g",20,20,72,1.3,0.1,15.9,"ND",1.8,1.8,0.2,0.2,"ND","ND","ND",
"Cereales sin grasa","Arroz salvaje cocido",0.333333333333333,"taza",54,54,55,2.1,0.2,11.6,1,14.1,1.7,0.3,1.7,0.4,54,29.2,
"Cereales sin grasa","Arroz salvaje crudo",20,"g",20,20,71,2.9,0.2,15,1.2,19,4.2,0.4,1.4,0.5,"ND","ND",
"Cereales sin grasa","Atole en polvo",7,"cucharadita",18,18,68,0,0,16.4,0,0,0,0,0,"ND",74,13.5,
"Cereales sin grasa","Atole en sobre",0.333333333333333,"sobre",16,16,58,0,0,14,0,0,0,0,0,"ND",51,7.9,
"Cereales sin grasa","Atole vitaminado",0.333333333333333,"sobre",16,16,59,0,0,14.1,0,0,0,0,0,"ND",51,8,
"Cereales sin grasa","Avena cocida",0.75,"taza",164,164,66,5.2,1.3,18.8,4.3,10.5,16.4,1.4,1.5,"ND",50,82.1,
"Cereales sin grasa","Avena con canela y especias",0.333333333333333,"sobre",15,15,56,1.3,0.7,11.7,1,29,36.3,1.3,81.2,5.1,65,9.9,
"Cereales sin grasa","Avena con manzana y canela",0.333333333333333,"sobre",14,14,53,1.2,0.7,10.9,0.9,27.1,33.9,1.2,75.9,4.8,65,9.2,
"Cereales sin grasa","Avena con pasitas y especias",0.333333333333333,"sobre",14,14,53,1.2,0.7,10.9,0.9,27.1,33.9,1.2,75.9,4.8,65,9.2,
"Cereales sin grasa","Avena en hojuelas",0.5,"taza",20,20,73,3.2,1.3,13.4,2,0,10.4,0.8,0.8,0.2,65,13,
"Cereales sin grasa","Avena instantánea PLUS varios sabores",0.333333333333333,"sobre",14,14,53,1.3,1,9.8,1.2,0,0,0,38.7,3,"ND","ND",
"Cereales sin grasa","Avena instantánea preparada",0.333333333333333,"taza",77,77,53,1.8,1.1,9,1.3,54.8,61.8,4.6,37.8,0.4,65,50.2,
"Cereales sin grasa","Avena instantánea varios sabores",0.333333333333333,"sobre",14,14,51,1,1,9.4,0.8,0,0,0,88.9,4.3,"ND","ND",
"Cereales sin grasa","Avena integral",0.333333333333333,"taza",26,26,65,4.6,1.9,17.5,4.1,13.6,15.3,1.4,0.9,"ND","ND","ND",
"Cereales sin grasa","Avena integral con pasitas, instantánea preparada",0.5,"sobre",22,22,77,1.7,0.9,16.4,1.3,44.1,55,2,120.8,7.8,"ND","ND",
"Cereales sin grasa","Avena Quaker Old fashion",0.5,"pieza",20,20,68,2.8,1.1,11.8,1.9,0,0,0,0,0.3,"ND","ND",
"Cereales sin grasa","Bagel",0.333333333333333,"pieza",24,24,65,2.5,0.4,12.6,0.5,5.3,17.7,0.8,126.3,"ND",72,17,
"Cereales sin grasa","Bagel de ajo",0.333333333333333,"pieza",24,24,67,2.5,0.4,12.9,0.6,5.5,18.1,0.9,129.4,"ND","ND","ND",
"Cereales sin grasa","Bagel de ajonjolí",0.333333333333333,"pieza",24,24,74,2.7,0.7,12.9,0.6,5.3,0,0,145.6,"ND","ND","ND",
"Cereales sin grasa","Bagel de avena",0.333333333333333,"pieza",24,24,60,2.5,0.3,12.6,0.9,11,3,0.7,120,"ND","ND","ND",
"Cereales sin grasa","Bagel de canela y pasas",0.333333333333333,"pieza",24,24,65,2.3,0.4,13.1,0.5,5,4.3,0.9,76.3,"ND","ND","ND",
"Cereales sin grasa","Bagel de cebolla",0.333333333333333,"pieza",24,24,74,2.7,0.7,12.9,0.6,11,0,0,145.6,"ND","ND","ND",
"Cereales sin grasa","Bagel integral",0.333333333333333,"pieza",24,24,60,2.5,0.3,12.6,0.9,5.3,0,0,120,"ND","ND","ND",
"Cereales sin grasa","Baguette",0.142857142857143,"pieza",27,27,72,2.2,1,13.4,0.6,9.7,29.2,0.8,145.8,1,95,25.7,
"Cereales sin grasa","Barquillo",1.5,"pieza",15,15,64,1.1,1.1,12,0.4,0,3.8,0.5,22.5,"ND","ND","ND",
"Cereales sin grasa","Barra Special K varios sabores",1,"pieza",24,24,90,2,1,19,"ND","ND","ND","ND",104.9,"ND","ND","ND",
"Cereales sin grasa","Barra Stila varios sabores",0.75,"pieza",19,19,68,1.6,1.3,12.4,1.5,0,0,0,71.3,5.3,"ND","ND",
"Cereales sin grasa","Barrita de avena",0.5,"pieza",14,14,56,0.8,1.1,11.1,0.5,2,4.5,0.3,52.5,4.8,"ND","ND",
"Cereales sin grasa","Barrita de granola sabor manzana",0.5,"pieza",14,14,55,0.8,1,11.3,0.7,2,4.5,0.3,39.5,5.1,"ND","ND",
"Cereales sin grasa","Birote",0.333333333333333,"pieza",22,22,67,2.1,0,14.1,0.1,0,9.1,0.3,123.3,"ND","ND","ND",
"Cereales sin grasa","Bolillo",0.333333333333333,"pieza",20,20,61,1.9,0,12.8,0.1,0,8.3,0.2,112.7,"ND","ND","ND",
"Cereales sin grasa","Bolillo integral",0.333333333333333,"pieza",20,20,64,2.1,0.1,13.4,0.2,0,12.3,0.6,68.5,"ND","ND","ND",
"Cereales sin grasa","Bolillo integral sin migajón",0.333333333333333,"pieza",20,20,64,2.1,0.1,13.4,0.2,0,12.3,0.6,68.5,"ND","ND","ND",
"Cereales sin grasa","Bolillo sin migajón",0.333333333333333,"pieza",20,20,61,1.9,0,12.8,0.1,0,8.3,0.2,112.7,"ND","ND","ND",
"Cereales sin grasa","Bollo de hamburguesa",0.333333333333333,"pieza",25,25,65,2.4,1.1,12.5,0.6,0,25.7,0.7,108.2,1.8,"ND","ND",
"Cereales sin grasa","Bollos para hamburguesa",0.333333333333333,"pieza",25,25,65,2.4,1.1,12.5,0.6,0,25.7,0.7,108.2,1.8,"ND","ND",
"Cereales sin grasa","burbujas de maíz azucaradas",0.5,"taza",16,16,59,0.7,0.1,14,0.2,50,2,0.9,59.5,7,80,12.4,
"Cereales sin grasa","Camote al honor",0.333333333333333,"taza",70,70,70,1.2,0.1,16.4,1.3,15.9,24.7,0.4,5.6,"ND","ND","ND",
"Cereales sin grasa","Camote amarillo",0.333333333333333,"taza",69,54,68,0.8,0.4,15.3,1.6,7.6,23.2,1.3,5.4,"ND","ND","ND",
"Cereales sin grasa","Camote cocido",0.333333333333333,"taza",69,69,73,1.1,0.2,16.8,1.3,7.6,14.4,0.4,8.9,"ND","ND","ND",
"Cereales sin grasa","Camote con miel",0.333333333333333,"taza",59,59,59,0.3,0,14.4,1.2,0,4.3,0.2,7.6,"ND","ND","ND",
"Cereales sin grasa","Camote con naranja",0.2,"taza",40,40,61,0.2,0,15.2,0,0,3.3,0.1,4.2,"ND","ND","ND",
"Cereales sin grasa","Camote en dulce",0.2,"taza",52,52,71,0.4,1.7,14.5,1.2,5.9,13.4,0.6,36.6,"ND","ND","ND",
"Cereales sin grasa","Camote largo",0.25,"pieza",75,59,73,0.8,0.5,16.6,1.7,8.2,25.2,1.4,5.9,"ND","ND","ND",
"Cereales sin grasa","Camote poblano (dulce)",0.75,"pieza",45,45,62,0.4,1.5,12.6,1.1,5.1,11.6,0.5,31.7,"ND","ND","ND",
"Cereales sin grasa","Canelones",4,"pieza",20,20,68,1.9,0.1,14.6,0.4,5,5.2,0.4,0.4,"ND","ND","ND",
"Cereales sin grasa","Cáscara de papa cruda",2.5,"taza",125,125,73,3.2,0.1,15.6,3.1,21.3,37.5,4.1,12.5,"ND","ND","ND",
"Cereales sin grasa","Cebada",20,"g",20,20,69,2.2,0.5,15.3,2.1,4.6,5.4,0.4,1.3,0.1,"ND","ND",
"Cereales sin grasa","Cebada perla cocida",0.333333333333333,"taza",52,52,64,1.2,0.2,14.8,2,8.3,5.7,0.7,1.7,"ND",25,13.1,
"Cereales sin grasa","Centeno",5,"cucharadita",22,22,72,2.6,0.4,15.9,0.4,0,8.2,0.8,0,"ND",41,8.9,
"Cereales sin grasa","Cereal Avena Flakes",0.75,"taza",19,19,68,1.9,1.1,12.6,1.9,0,0,0,53.1,2.8,"ND","ND",
"Cereales sin grasa","Cereal Chewy para niños varios sabores",0.5,"pieza",14,14,52,0.9,0.7,10.5,1.2,0,0,0,46.7,3.3,"ND","ND",
"Cereales sin grasa","Cereal con almendras y pasas",0.333333333333333,"taza",19,19,70,1.5,0.7,16.5,1.6,33.3,9.3,2.1,100,4,"ND","ND",
"Cereales sin grasa","Cereal de arroz",0.5,"taza",17,17,67,1.4,0.5,14.1,1.1,2.5,9.1,7.9,2,0.2,"ND","ND",
"Cereales sin grasa","Cereal de arroz inflado con chocolate",0.5,"taza",16,16,62,1.1,0.6,13.8,1.2,3,4.5,0.2,1.9,1.5,82,13.1,
"Cereales sin grasa","Cereal con avena con maple",0.333333333333333,"taza",27,27,65,4.6,1.9,17.6,4.1,13.8,15.5,1.4,0.9,"ND","ND","ND",
"Cereales sin grasa","Cereal de avena integral, seco",0.333333333333333,"taza",19,19,71,2.9,1,13.8,2.2,34.7,10.3,5.4,68.3,3.1,"ND","ND",
"Cereales sin grasa","Cereal de galleta de chispa de chocolate",0.5,"taza",15,15,60,0.5,0.8,13,0.6,0,50,2.3,85,"ND","ND","ND",
"Cereales sin grasa","Cereal de maíz reventado  con azúcar",0.5,"taza",16,16,59,0.5,0.5,13.6,0.6,0,25.8,9.9,620,"ND","ND","ND",
"Cereales sin grasa","Cereales de maíz reventado sabor chocolate y crema de cacahucate",0.333333333333333,"taza",14,14,61,0.9,1.6,10.6,0.6,0,46.7,2.3,93.3,"ND","ND","ND",
"Cereales sin grasa","Cereal de salvado de trigo",0.333333333333333,"taza",21,21,54,2.6,0.7,15.3,6.7,66.7,66.7,3,189.3,4,42,8.7,
"Cereales sin grasa","Cereal de trigo con canela",0.333333333333333,"taza",13,13,58,0.4,1.6,10.7,0.4,44.4,17.8,2,93.3,4.4,"ND","ND",
"Cereales sin grasa","Cereal de trigo sabor frutas",0.5,"taza",15,15,60,0.5,0.8,13,0,50,10,2.1,100,6.5,69,10.4,
"Cereales sin grasa","Cereal integral con pasitas",0.333333333333333,"taza",20,20,66,2,0.5,15.7,2.7,33.3,11.7,1.5,130,6,42,8.5,
"Cereales sin grasa","Cereal Multibran Flakes",0.75,"taza",19,19,65,2.4,1.3,11.1,2.6,0,0,0,90.6,0.4,"ND","ND",
"Cereales sin grasa","Cereal Multibran pasas",0.75,"taza",19,19,66,2,1,12.1,2.3,0,0,0,71.9,3.9,"ND","ND",
"Cereales sin grasa","Cereal multigrano",0.25,"taza",20,20,67,2.3,0.5,14.7,2.4,5.5,7,0.6,0.5,0.1,"ND","ND",
"Cereales sin grasa","Cereal sin azúcar",0.5,"taza",14,14,51,1.2,0.1,12,0.6,50,0.5,4.1,152,1,"ND","ND",
"Cereales sin grasa","Codito crudo",20,"g",20,20,74,2.5,0.2,15,0.1,5,5.4,0.3,0.4,"ND","ND","ND",
"Cereales sin grasa","Coditos con crema deshidratados",1.5,"cucharada",15,15,61,1.9,1.5,9.6,0,0,0,0.2,122.9,"ND","ND","ND",
"Cereales sin grasa","Couscous",0.333333333333333,"taza",52,52,58,2,0.1,12,0.7,"ND",4.3,0.2,2.6,0.1,"ND","ND",
"Cereales sin grasa","Crepa",2,"pieza",30,30,69,1.6,1,13.1,0.5,0.2,0.3,0.3,147.5,"ND","ND","ND",
"Cereales sin grasa","Crepas para rellenar",2,"pieza",30,30,69,2.3,1.4,11.6,0.3,0.2,0.3,0.3,116.4,"ND","ND","ND",
"Cereales sin grasa","Crepas saladas",2,"pieza",30,30,69,1.6,1,13.1,0.5,0.2,0.3,0.3,147.5,"ND","ND","ND",
"Cereales sin grasa","Croutones",0.5,"taza",15,15,61,1.8,1,11.1,0.8,3.5,11.5,0.6,104.5,"ND","ND","ND",
"Cereales sin grasa","Cuadritos de avena",0.333333333333333,"taza",19,19,71,2.9,1,13.8,2.2,34.7,10.3,5.4,68.3,3.1,"ND","ND",
"Cereales sin grasa","Cuadritos de avena con salvado",0.333333333333333,"taza",19,19,71,2.9,1,13.8,2.2,34.7,10.3,5.4,68.3,3.1,"ND","ND",
"Cereales sin grasa","Cúrcuma",160,"g",160,138,73,5.6,0,13.2,1.7,0,70.2,16.8,0,"ND","ND","ND",
"Cereales sin grasa","Elote amarillo cocido",1.5,"pieza",174,66,71,2.2,0.8,16.6,1.9,30.4,1.6,0.3,0,2.7,53,35,
"Cereales sin grasa","Elote amarillo congelado",1.5,"pieza",188,71,70,2.3,0.6,16.7,2,27.9,2.9,0.5,2.3,"ND",47,33.5,
"Cereales sin grasa","Elote amarillo crudo",1.33333333333333,"pieza",186,71,61,2.3,0.9,17.7,2,32.7,1.7,0.4,12.1,"ND","ND","ND",
"Cereales sin grasa","Elote amarillo desgranado cocido",0.5,"taza",83,83,66,2.3,0.4,16.2,2,38.5,3.3,0.3,4.2,2.6,"ND","ND",
"Cereales sin grasa","Elote amarillo desgranado crudo",0.5,"taza",83,83,66,2.3,0.4,16.2,2,38.5,3.3,0.3,4.2,2.6,"ND","ND",
"Cereales sin grasa","Elote amarillo enlatado",0.5,"taza",82,82,66,2.1,0.8,15.2,1.6,40,4,0.7,175,2.3,"ND","ND",
"Cereales sin grasa","Elote blanco cocido",1.5,"pieza",215,82,70,2.6,1,15.5,2.2,37.5,1.6,0.4,12.2,2.6,59,48.1,
"Cereales sin grasa","elote blanco desgranado",0.5,"taza",83,83,66,2.3,0.4,16.2,2,38.5,3.3,0.3,4.2,2.6,"ND","ND",
"Cereales sin grasa","Elote crudo",1.5,"pieza",215,82,70,2.6,1,15.5,2.2,37.5,1.6,0.4,12.2,2.6,"ND","ND",
"Cereales sin grasa","Elote desgranado",0.5,"taza",83,83,66,2.3,0.4,16.2,2,38.5,3.3,0.3,4.2,2.6,"ND","ND",
"Cereales sin grasa","Elote enlatado",0.5,"taza",82,82,66,2.1,0.8,15.2,1.6,40,4,0.7,175,2.3,46,37.7,
"Cereales sin grasa","English miffin",0.5,"pieza",29,29,67,2.2,0.5,13.1,0.8,10.5,49.5,0.7,132,"ND",77,21.9,
"Cereales sin grasa","Espagueti cocido",0.333333333333333,"taza",46,46,57,2.5,0.2,12.3,2.1,2.3,6.9,0.5,1.4,0.4,44,20.3,
"Cereales sin grasa","Espagueti con espinacas cocido",0.333333333333333,"taza",47,47,61,2.1,0.3,12.2,0,5.7,14,0.5,6.7,"ND","ND","ND",
"Cereales sin grasa","Espagueti crudo",20,"g",20,20,70,2.9,0.3,15,0.1,11.4,8,0.7,1.6,"ND","ND","ND",
"Cereales sin grasa","Espagueto integral cocido",0.333333333333333,"taza",46,46,57,2.5,0.3,12.3,2.1,2.3,6.9,0.5,1.3,"ND","ND","ND",
"Cereales sin grasa","Espagueti integral crudo",20,"g",20,20,70,2.9,0.3,15,0.1,11.4,8,0.7,1.6,"ND","ND","ND",
"Cereales sin grasa","Espaguetti cocido",0.333333333333333,"taza",47,47,58,2.5,0.3,12.4,2.1,2.3,7,0.5,1.4,0.4,44,20.5,
"Cereales sin grasa","Espaguetti con espinacas cocido",0.333333333333333,"taza",47,47,61,2.1,0.3,12.2,0,5.7,14,0.5,6.7,"ND","ND","ND",
"Cereales sin grasa","Espaguetti crudo",20,"g",20,20,70,2.9,0.3,15,0.1,11.4,8,0.7,1.6,"ND","ND","ND",
"Cereales sin grasa","Espaguetti integral cocido",0.333333333333333,"taza",47,47,58,2.5,0.3,12.4,2.1,2.3,7,0.5,1.4,0.4,"ND","ND",
"Cereales sin grasa","Fécula de maíz",2,"cucharada",16,16,60,0,0,14.4,0,0,0,0,0,"ND","ND","ND",
"Cereales sin grasa","Fécula de maíz de sabor",2,"cucharada",16,16,60,0,0,14.4,0,0,0,0,0,"ND","ND","ND",
"Cereales sin grasa","Fetuccini crudo",20,"g",20,20,70,2.7,0.5,14.1,0.6,3.9,4.3,0.6,3.2,0.6,"ND","ND",
"Cereales sin grasa","Fibra uno",0.5,"taza",30,30,60,2,1,25,14.2,0,100,4.5,105,"ND","ND","ND",
"Cereales sin grasa","Fideo cocido",0.5,"taza",20,20,74,2.5,0.2,15,0.1,5,5.4,0.3,0.4,"ND","ND","ND",
"Cereales sin grasa","Fideo con tomate deshidratado",2,"cucharada",20,20,72,2.6,1,13.3,0,0,0,0.3,399.4,"ND","ND","ND",
"Cereales sin grasa","Fideo crudo",20,"g",20,20,72,2.7,0.5,14.5,0.7,4.2,4.2,0.6,1.1,0.7,"ND","ND",
"Cereales sin grasa","Fideo seco deshidratado",2,"cucharada",20,20,72,2.6,1,13.3,0,0,0,0.3,399.4,"ND","ND","ND",
"Cereales sin grasa","Fruitcake",0.5,"rebanada",20,20,65,0.6,1.8,12.3,0.7,0.5,6.5,0.4,54,8.6,"ND","ND",
"Cereales sin grasa","Fusili cocido",0.333333333333333,"taza",46,46,57,2.5,0.2,12.3,2.1,2.3,6.9,0.5,1.4,0.4,"ND","ND",
"Cereales sin grasa","Fusili crudo",20,"g",20,20,70,2.9,0.3,15,0.1,11.4,8,0.7,1.6,"ND","ND","ND",
"Cereales sin grasa","Galleta barras de higo",1,"pieza",16,16,56,0.6,1.2,11.3,0.7,2,10,0.5,56,"ND","ND","ND",
"Cereales sin grasa","Galleta de animalitos",6,"pieza",15,15,68,1.1,2.1,11.3,0.2,2.1,6.4,0.4,59.5,3.4,"ND","ND",
"Cereales sin grasa","Galleta de manzana",1,"pieza",15,15,50,0.5,0,12,0.5,0,0,0,30,7,"ND","ND",
"Cereales sin grasa","Galleta dulce",2,"pieza",16,16,64,1.1,1.7,10.7,0.7,1.1,3.5,0.3,48.5,"ND","ND","ND",
"Cereales sin grasa","Galleta dulce sin relleno",2,"pieza",16,16,64,1.5,1.7,10.7,0.7,1.1,3.5,0.3,48.5,"ND","ND","ND",
"Cereales sin grasa","Galleta maría",5,"pieza",19,19,69,1.3,1.3,13.8,0.1,6.3,0,0.5,110.6,11.3,"ND","ND",
"Cereales sin grasa","Galletas para sopa",14,"pieza",18,18,70,1.2,1.8,12.8,0,0,0,0,268.3,"ND","ND","ND",
"Cereales sin grasa","Galleta salada",4,"pieza",16,16,69,1.4,2.1,11.2,0,1.1,7.8,0.3,176,"ND","ND","ND",
"Cereales sin grasa","Galleta salada integral",4,"pieza",16,16,70,1.6,1.9,11.2,0.4,0,4.3,0.1,108.8,0.6,"ND","ND",
"Cereales sin grasa","Galleta salada molida",2.5,"cucharada",15,15,65,1.3,2,10.5,0,1.1,7.4,0.2,165,"ND","ND","ND",
"Cereales sin grasa","Galleta de avena pasas",1.5,"galletas",15,15,61,1.3,2,9.5,1.3,0,0,0,57,4.7,"ND","ND",
"Cereales sin grasa","Galletas de maíz horneadas sin grasa (salmas)",3,"pieza",18,18,64,1.4,0.6,13,1.4,0,0,0,67.9,"ND","ND","ND",
"Cereales sin grasa","Galletas Marías",5,"galleta",19,19,69,1.3,1.3,13.8,0.1,6.3,0,0.5,110.6,11.3,"ND","ND",
"Cereales sin grasa","Galletas Marias azucaradas",4,"galleta",16,16,63,1,1.5,11.5,0.1,32.8,0,2.2,98,3.5,"ND","ND",
"Cereales sin grasa","Gluten de trigo",3,"cucharada",18,18,68,7.5,0.3,8.5,0,0,7.2,0,0.4,"ND","ND","ND",
"Cereales sin grasa","Granola baja en grasa",3,"cucharada",18,18,70,1.5,1.1,14.4,1.1,36.7,7,0.7,44.1,4.4,"ND","ND",
"Cereales sin grasa","Granola con frura seca, baja en grasas",3,"cucharada",18,18,69,1.3,0.8,14.4,1,0,6.5,0.5,68.7,6.2,"ND","ND",
"Cereales sin grasa","Habaneras Bran trigo entero",4,"galleta",18,18,72,1.7,2.4,11,1.6,0,0,0,90,0.8,"ND","ND",
"Cereales sin grasa","habaneras Clásicas",4,"galleta",18,18,75,1.8,1.7,13.1,0.6,0,0,1.6,128.7,0.3,"ND","ND",
"Cereales sin grasa","Habaneras integrales",4,"galleta",18,18,69,1.9,1.6,11.9,1.5,0,0,1.7,83.7,0.3,"ND","ND",
"Cereales sin grasa","Harina",2.5,"cucharada",20,20,73,2.1,0.2,15.3,0.5,5.3,3,0.9,0.5,0.3,"ND","ND",
"Cereales sin grasa","Harina blanca",2.5,"cucharada",20,20,73,2.1,0.2,15.3,0.5,5.3,3,0.9,0.5,0.3,"ND","ND",
"Cereales sin grasa","Harina blanca refinada",20,"g",20,20,73,2.1,0.2,15.3,0.5,5.3,3,0.9,0.5,0.3,"ND","ND",
"Cereales sin grasa","Harina de alforfón",2.5,"cucharada",20,20,67,2.5,0.6,14.1,2,0,0,0,7,0.5,"ND","ND",
"Cereales sin grasa","Harina de amaranto",2,"cucharada",19,19,68,2.7,1,11.9,1.3,0,0,0,0.2,"ND",66,12.5,
"Cereales sin grasa","Harina de arroz",2,"cucharada",20,20,72,1.4,0.6,15.1,0.9,3.1,2.1,0.4,1.6,0.2,"ND","ND",
"Cereales sin grasa","Harina de arroz refinada",2,"cucharada",20,20,75,1.2,0.3,16.3,0.5,0.9,2,0.1,0,"ND","ND","ND",
"Cereales sin grasa","Harina de cebada",2,"cucharada",18,18,62,2.2,0.3,10.9,2.2,0,0,0,0.4,"ND","ND","ND",
"Cereales sin grasa","Harina de centeno ",2,"cucharada",18,18,63,2.1,0.3,13.6,0.2,0,4.9,0.5,0.2,"ND","ND","ND",
"Cereales sin grasa","Harina de centeno integral",2.5,"cucharada",20,20,65,2.8,0.5,13.8,4.5,12,11.3,1.3,0.2,"ND","ND","ND",
"Cereales sin grasa","Harina de maíz",2.5,"cucharada",18,18,65,1.7,0.7,13.6,1.7,4.2,25.2,1.3,0.9,"ND","ND","ND",
"Cereales sin grasa","Harina de maíz nixtamalizada",2.5,"cucharada",18,18,65,1.7,0.7,13.6,1.7,4.2,25.2,1.3,0.9,"ND","ND","ND",
"Cereales sin grasa","Harina de maíz para atole",2,"cucharada",15,15,60,1.2,0.8,11.8,0.2,0,5.3,0.4,0,"ND","ND","ND",
"Cereales sin grasa","Harina de maíz para tamales",2,"cucharada",14,14,62,1.4,0.7,12.7,0.1,0,19.4,0.5,0.1,"ND","ND","ND",
"Cereales sin grasa","Harina de papa",2,"cucharada",19,19,66,1.5,0.1,15,1.1,9.6,6.3,3.2,6.5,"ND","ND","ND",
"Cereales sin grasa","Harina de trigo",2.5,"cucharada",20,20,71,2,0.2,14.9,0.5,5.2,3,0.9,0.5,0.3,41,8,
"Cereales sin grasa","Harina de trigo integral",2.5,"cucharada",19,19,64,2.6,0.3,13.6,2.3,8.3,6.4,0.7,0.9,0.4,30,5.6,
"Cereales sin grasa","Harina de trigo para panificación",2,"cucharada",17,17,62,2.1,0.3,12.4,0.4,5,2.6,0.8,0.4,"ND","ND","ND",
"Cereales sin grasa","Harina de trigo para pasteleria",2.5,"cucharada",17,17,62,1.4,0.1,13.3,0.3,3.3,2.3,1.2,0.3,"ND","ND","ND",
"Cereales sin grasa","Harina integral",2.5,"cucharada",19,19,64,2.6,0.3,13.6,2.3,8.3,6.4,0.7,0.9,0.4,"ND","ND",
"Cereales sin grasa","Harina integral de centeno",2.5,"cucharada",20,20,65,2.8,0.5,13.8,4.5,12,11.3,1.3,0.2,"ND","ND","ND",
"Cereales sin grasa","Harina integral de trigo",2.5,"cucharada",19,19,64,2.6,0.3,13.6,2.3,8.3,6.4,0.7,0.9,0.4,"ND","ND",
"Cereales sin grasa","Harina nixtamalizada",2.5,"cucharada",18,18,67,1.3,0.8,13.8,1.7,0,24.9,0.7,0.2,"ND","ND","ND",
"Cereales sin grasa","Harina para brownies",1.5,"cucharada",13,13,60,0.7,2.3,9,0,0,0,0.2,36.6,6.3,"ND","ND",
"Cereales sin grasa","Harina para brownies baja en grasa",2,"cucharada",18,18,61,0.9,1.2,12.6,0.5,0,0,0.5,56.1,8.4,"ND","ND",
"Cereales sin grasa","Harina para hot cakes",2,"cucharada",18,18,61,1.7,0.2,13.3,0.5,1.5,6,0.8,243.6,1.9,"ND","ND",
"Cereales sin grasa","Harina para reposteria",2,"cucharada",16,16,60,1.7,0.2,12.6,0.1,0,5,0,0.3,"ND","ND","ND",
"Cereales sin grasa","Harina para tamales",2,"cucharada",14,14,62,1.4,0.7,12.7,0.1,0,19.4,0.5,0.1,"ND","ND","ND",
"Cereales sin grasa","Hilos de trigo entrelazados con miel maple y azúcar",9,"pieza",20,20,69,1.6,0.3,16,1.9,0,6.4,6.1,0.4,"ND","ND","ND",
"Cereales sin grasa","Hojuelas de 7 fibras",0.333333333333333,"taza",20,20,70,2.8,0.3,15.4,2.8,0,13.9,0.5,10.6,"ND","ND","ND",
"Cereales sin grasa","Hojuelas de arroz",0.5,"taza",16,16,55,3.2,0.2,11.2,0.5,50,2.5,4.1,125,1.5,"ND","ND",
"Cereales sin grasa","Hojuelas de avena",0.333333333333333,"taza",26,26,65,4.6,1.9,17.5,4.1,13.6,15.3,1.4,0.9,"ND","ND","ND",
"Cereales sin grasa","Hojuelas de avena con maple",0.333333333333333,"taza",26,26,65,4.6,1.9,17.5,4.1,13.6,15.3,1.4,0.9,"ND","ND","ND",
"Cereales sin grasa","Hojuelas de avena endulzadas con miel y almendras",0.333333333333333,"taza",14,14,59,1.1,1.2,11.3,0.7,0,5.1,3.8,87.3,"ND","ND","ND",
"Cereales sin grasa","Hojuelas de avena instantaneas con pasas, dátiles y nueces. Preparado",0.25,"taza",61,61,71,1.7,1.1,14.3,1.3,0,56.6,2.1,125.7,"ND","ND","ND",
"Cereales sin grasa","Hojuelas de avena instantáneas con pasas y especieas. Preparado",0.25,"taza",62,62,62,1.3,0.7,12.5,1,0,42.9,1.5,93,6,"ND","ND",
"Cereales sin grasa","Hojuelas de avena instantáneas con miel maple y azúcar morena. Preparado",0.25,"taza",59,59,60,1.4,0.8,11.8,1.1,0,40.9,1.4,95.9,4.8,"ND","ND",
"Cereales sin grasa","Hojuelas de avena, fruta seca y nueces",0.25,"taza",21,21,72,2.1,1.1,16.5,1.6,0,0,1.9,49,"ND","ND","ND",
"Cereales sin grasa","Hojuelas de cereales con frutas secas",0.333333333333333,"taza",18,18,70,1.3,1,14,1,33.3,83.3,1.5,110,"ND","ND","ND",
"Cereales sin grasa","Hojuelas de maíz",0.75,"taza",19,19,67,1.4,0.1,15.8,0.6,109.3,1.3,5.4,136.7,1.8,81,15.2,
"Cereales sin grasa","Hojuelas de maíz azucaradas",0.333333333333333,"taza",13,13,52,0.7,0.1,12,0.3,106.5,0,1.9,75.6,"ND","ND","ND",
"Cereales sin grasa","Hojuelas de maíz y trigo con frutas y nueces",0.333333333333333,"taza",18,18,70,1.3,1,14,1,33.3,83.3,1.5,110,"ND","ND","ND",
"Cereales sin grasa","Hojuelas de papa para puré",20,"g",20,20,71,1.7,0.1,16.2,1.3,9.2,5.4,0.2,20.8,"ND","ND","ND",
"Cereales sin grasa","Hojuelas de salvado",0.333333333333333,"taza",21,21,67,1.8,0.5,16,2.3,0,9.8,2.6,119.7,"ND","ND","ND",
"Cereales sin grasa","Hojuelas de salvado con pasas",0.333333333333333,"taza",19,19,66,1.1,0.4,15.8,1.4,0,6.7,1.6,73.2,"ND","ND","ND",
"Cereales sin grasa","Hojuelas de trigo",0.5,"taza",18,18,59,1.8,0.3,14.1,0.3,0,7.2,0.8,180.6,"ND","ND","ND",
"Cereales sin grasa","Hojuelas de trigo con miel",0.5,"taza",18,18,62,1.6,0.4,14.3,1.9,11.9,8.1,2.8,101.3,"ND","ND","ND",
"Cereales sin grasa","Hojuelas de trigo integral",0.5,"taza",16,16,59,3.5,0.3,11,0.4,0,4.5,4.2,112,"ND","ND","ND",
"Cereales sin grasa","Hojuelas de trigo integral con frutos rojos",0.5,"taza",16,16,57,1.9,0.2,12.5,0.5,0,9.5,4.1,110,"ND","ND","ND",
"Cereales sin grasa","Hojuelas de trigo integral con chispas de yogur",0.5,"taza",19,19,64,2.1,0.1,14.7,3.4,0,12,1.5,78.3,"ND","ND","ND",
"Cereales sin grasa","Hojuelas de trigo integral con fibra extra",0.5,"taza",26,26,50,3.8,1.2,26,16.9,0,1404,60.8,1612,"ND","ND","ND",
"Cereales sin grasa","Hojuelas de trigo integral con frutas y yogur",0.333333333333333,"taza",15,15,57,1,0.4,11.6,0.4,0,3.3,2.1,63.9,"ND","ND","ND",
"Cereales sin grasa","Hojuelas de trigo negro",0.333333333333333,"taza",59,59,54,2,0.4,11.7,1.6,0,4.2,0.5,2.5,"ND","ND","ND",
"Cereales sin grasa","Hojuelas fortificadas de trigo entero, almendras, nueces y miel",0.25,"taza",15,15,58,1.5,1.3,11.4,1.3,24.9,39.9,1.7,75.5,"ND","ND","ND",
"Cereales sin grasa","Hojuelas avena instantánea con manzana y canela",0.333333333333333,"taza",79,79,69,1.4,0.8,14,1.4,0,58.1,2,87.2,"ND","ND","ND",
"Cereales sin grasa","Hot cake",0.75,"pieza",38,38,69,2.5,2.3,9.7,0,4.9,81.9,0.7,164.8,"ND",67,25.1,
"Cereales sin grasa","Lasagna cruda",20,"g",20,20,68,1.9,0.1,14.6,0.4,5,5.2,0.4,0.4,"ND","ND","ND",
"Cereales sin grasa","Lasaña cocida",20,"g",20,20,68,1.9,0.1,14.6,0.4,5,5.2,0.4,0.4,"ND","ND","ND",
"Cereales sin grasa","Macarrón cocido",0.333333333333333,"taza",47,47,66,2.2,0.3,13.2,0.6,3.3,3.3,0.7,0.3,"ND","ND","ND",
"Cereales sin grasa","Macarrón crudo",20,"g",20,20,68,1.9,0.1,14.6,0.4,5,5.2,0.4,0.4,"ND","ND","ND",
"Cereales sin grasa","Macarrón integral cocido",0.333333333333333,"taza",47,47,58,2.5,0.3,12.4,1.3,2.3,7,0.5,1.3,"ND","ND","ND",
"Cereales sin grasa","Maicena",2,"cucharada",16,16,60,0,0,14.4,0,0,0,0,0,"ND","ND","ND",
"Cereales sin grasa","Maicena sabor",2,"cucharada",16,16,60,0,0,14.4,0,0,0,0,0,"ND","ND","ND",
"Cereales sin grasa","Maíz",20,"g",20,18,67,2.2,0.9,13,2.2,0,1.5,0.4,0.2,"ND","ND","ND",
"Cereales sin grasa","Maíz amarillo",20,"g",20,18,67,2.2,0.9,13,2.2,0,1.5,0.4,0.2,"ND",53,9.8,
"Cereales sin grasa","Maíz amarillo cocido",20,"g",20,18,67,2.2,0.9,13,2.2,0,1.5,0.4,0.2,"ND","ND","ND",
"Cereales sin grasa","Maíz azul",20,"g",20,18,67,1.5,0.8,13.7,2.2,0,29.3,0.5,0.2,"ND","ND","ND",
"Cereales sin grasa","Maíz blanco",20,"g",20,18,67,2.2,0.9,13,2.2,0,1.5,0.4,0.2,"ND","ND","ND",
"Cereales sin grasa","Maíz blanco cocido",25,"g",25,19,68,2.2,0.9,13.3,2.3,0,1.5,0.4,0.2,"ND",59,11.1,
"Cereales sin grasa","Maíz cacahuacintle",20,"g",20,18,67,2.2,0.9,13,2.2,0,1.5,0.4,0.2,"ND","ND","ND",
"Cereales sin grasa","Maíz cacahuacintle",20,"g",20,18,67,2.2,0.9,13,2.2,0,1.5,0.4,0.2,"ND","ND","ND",
"Cereales sin grasa","Maíz palomero",20,"g",20,20,73,2.4,0.9,14.2,2.4,0,3.4,0.4,0.2,"ND","ND","ND",
"Cereales sin grasa","Maíz pozolero",0.333333333333333,"taza",54,54,58,1.8,0.7,13.6,1.5,0,1.1,0.3,9.2,"ND","ND","ND",
"Cereales sin grasa","Maizena",2,"cucharada",16,16,60,0,0,14.4,0,0,0,0,0,"ND","ND","ND",
"Cereales sin grasa","Malanga",70,"g",70,60,67,0.9,0.1,15.9,2.5,13.2,25.9,0.3,6.6,"ND","ND","ND",
"Cereales sin grasa","Marias cerealé fresa",1.5,"pieza",15,15,66,1.1,2.1,10.7,"ND","ND","ND","ND",63.8,"ND","ND","ND",
"Cereales sin grasa","Masa de maíz",45,"g",45,45,69,1.6,0.9,14.3,1.5,0,31.5,0.7,0,"ND","ND","ND",
"Cereales sin grasa","Masa de maíz amarillo",35,"g",35,35,66,1.5,0.8,13.5,1.2,0,30.8,0.6,0,"ND","ND","ND",
"Cereales sin grasa","Masa de maíz blanco",45,"g",45,45,69,1.6,0.9,14.3,1.5,0,31.5,0.7,0,"ND","ND","ND",
"Cereales sin grasa","Masa pasa tortillas",45,"g",45,45,69,1.6,0.9,14.3,1.5,0,31.5,0.7,0,"ND","ND","ND",
"Cereales sin grasa","Masa Yucatán",40,"g",40,40,69,1.8,0.5,14.6,1.4,0,36,0.8,0,"ND","ND","ND",
"Cereales sin grasa","Media noche",0.5,"pieza",22,22,55,2,1,10.5,0.5,0,10,0.5,105,1.5,"ND","ND",
"Cereales sin grasa","media noche con ajonjoli",0.5,"pieza",22,22,55,2,1,10.5,0.5,0,10,0.5,105,1.5,"ND","ND",
"Cereales sin grasa","Mijo cocido",0.333333333333333,"taza",57,57,68,2,0.6,13.6,0.8,0,1.6,0.4,1,0.1,"ND","ND",
"Cereales sin grasa","Mijo crudo",15,"g",15,15,57,1.7,0.6,10.9,1.3,0,1.2,0.5,0.8,"ND","ND","ND",
"Cereales sin grasa","Mueslix con manzana y almendra",0.25,"taza",18,18,68,1.7,1.6,13.2,1.5,0,11.1,1.5,87.1,3,"ND","ND",
"Cereales sin grasa","Nixtamal",45,"g",45,45,69,1.6,0.9,14.3,1.5,0,31.5,0.7,0,"ND","ND","ND",
"Cereales sin grasa","Nutritas variedad de sabores",0.5,"bolsita",17,17,67,1.4,1.4,12.3,0.5,0,0,0,99,0.5,"ND","ND",
"Cereales sin grasa","Ñame",100,"g",100,86,66,1.9,0.1,15.1,0.4,19.8,11.2,0.4,7.7,"ND","ND","ND",
"Cereales sin grasa","Palanqueta de amaranto",0.5,"pieza",20,20,72,3.2,1.7,16.6,0.6,0,0,0,0,11.2,"ND","ND",
"Cereales sin grasa","Palanqueta de amaranto con pasas",0.333333333333333,"pieza",13,13,52,1,"ND",11.2,"ND","ND","ND","ND",0,"ND","ND","ND",
"Cereales sin grasa","Palitos de pan",3,"pieza",18,18,74,2.2,1.7,12.3,0.5,5.4,3.6,0.8,117.9,"ND","ND","ND",
"Cereales sin grasa","Palomitas",2.5,"taza",18,18,70,3.5,0,14,3.5,0,0,0,140,"ND",55,9.6,
"Cereales sin grasa","Palomitas acarameladas",0.5,"taza",18,18,76,0.7,2.3,13.9,0.9,0.5,7.5,0.3,36,6.9,"ND","ND",
"Cereales sin grasa","Palomitas acarameladas sin grasa",0.75,"taza",19,19,69,1.7,0,10,0,0,0,0,131.3,0.6,"ND","ND",
"Cereales sin grasa","Palomitas fat free",2.5,"taza",18,18,70,3.5,0,14,3.5,0,0,0,140,"ND","ND","ND",
"Cereales sin grasa","Palomitas naturales",2.5,"taza",18,18,70,3.5,0,14,3.5,0,0,0,140,"ND","ND","ND",
"Cereales sin grasa","Palomitas sin grasa",2.5,"taza",18,18,70,3.5,0,14,3.5,0,0,0,140,"ND","ND","ND",
"Cereales sin grasa","Pambazo",0.5,"pieza",25,25,67,2.5,1,12.5,1.5,0,10.5,0.3,142.3,1,"ND","ND",
"Cereales sin grasa","Pan 5 granos",1,"rebanada",25,25,62,2.4,2.1,9.6,1.6,0,0,0,83,"ND","ND","ND",
"Cereales sin grasa","Pan 7 granos",1,"rebanada",26,26,65,2.6,1,12.1,1.7,12,24,0.9,127,"ND",55,14.3,
"Cereales sin grasa","Pan ácimo",0.333333333333333,"pieza",20,20,57,1.3,1,11.1,0.5,2,16.2,0.5,78.9,"ND","ND","ND",
"Cereales sin grasa","Pan árabe",0.333333333333333,"pieza",20,20,54,1.8,0.2,11,0.4,0,17,0.5,106.1,0.3,"ND","ND",
"Cereales sin grasa","Pan árabe integral",0.333333333333333,"pieza",21,21,56,2.1,0.6,1.6,1.6,7.3,3.3,0.6,112.2,"ND","ND","ND",
"Cereales sin grasa","Pan bagel dulce",0.333333333333333,"pieza",23,23,64,2.3,0.4,12.9,0.5,5,4.3,0.9,75.6,"ND","ND","ND",
"Cereales sin grasa","Pan bagel integral",0.333333333333333,"pieza",23,23,60,2.5,0.3,12.5,0.8,0,0,0,118.8,"ND","ND","ND",
"Cereales sin grasa","Pan bagel salado",0.333333333333333,"pieza",23,23,64,2.5,0.4,12.5,0.5,5.3,17.5,0.8,125.1,"ND","ND","ND",
"Cereales sin grasa","Pan baguette",0.142857142857143,"pieza",27,27,72,2.2,1,13.4,0.6,9.7,29.2,0.8,145.8,1,"ND","ND",
"Cereales sin grasa","Pan birote",0.333333333333333,"pieza",22,22,67,2.1,0,14.1,0.1,0,9.1,0.3,123.3,"ND","ND","ND",
"Cereales sin grasa","Pan blanco",1,"rebanada",27,27,71,2.2,0.8,13.6,0.5,27.8,101.3,1.1,149.9,"ND",70,18.9,
"Cereales sin grasa","Pan centeno",0.75,"rebanada",24,24,62,2,0.8,11.6,1.4,12,17.3,0.7,158.3,"ND",41,9.8,
"Cereales sin grasa","pan con salvado",0.75,"rebanada",27,27,67,2.4,0.9,12.9,1.1,6.8,20.3,0.8,131.3,"ND","ND","ND",
"Cereales sin grasa","Pan de 5 granos",1,"rebanada",25,25,62,2.4,2.1,9.6,1.6,0,0,0,83,"ND","ND","ND",
"Cereales sin grasa","Pan de 7 granos",1,"rebanada",26,26,65,2.6,1,12.1,1.7,12,24,0.9,127,"ND",55,14.3,
"Cereales sin grasa","Pan de avena",1,"rebanada",30,30,71,3.1,1.3,11.9,1.3,6.8,20,0.9,122,"ND",47,14.1,
"Cereales sin grasa","Pan de caja",1,"rebanada",27,27,71,2.2,0.8,13.6,0.5,0,101.3,1.1,149.9,"ND",70,18.9,
"Cereales sin grasa","Pan de caja integral",1,"rebanada",25,25,67,2.4,1,12.6,1.1,12,78,1,145.8,"ND",54,13.5,
"Cereales sin grasa","Pan de centeno y comino",1,"rebanada",20,20,55,1.7,0.5,11,0.3,8,0,0,140,"ND",41,8.2,
"Cereales sin grasa","Pan de centeno y trigo",1,"rebanada",28,28,73,2.6,0.2,15,0.1,27.8,10.6,0.8,156,"ND",41,11.5,
"Cereales sin grasa","Pan de girasol integral",1,"pieza",25,25,57,2.1,1.4,9.7,1.1,29,0,0,90.5,"ND",57,14.3,
"Cereales sin grasa","Pan de hambueguesas chico",0.5,"pieza",26,26,67,2.5,1.1,12.9,0.7,0,26.5,0.7,111.5,1.9,"ND","ND",
"Cereales sin grasa","Pan de hot dog",0.5,"pieza",22,22,55,2,1,10.5,0.5,0,10,0.5,105,1.5,"ND","ND",
"Cereales sin grasa","Pan de hot dog con ajonjoli",0.5,"pieza",22,22,55,2,1,10.5,0.5,0,10,0.5,105,1.5,"ND","ND",
"Cereales sin grasa","pan de jengibre",1,"rebanada",25,25,72,0.9,2.2,11.9,0,0,18.8,0.5,115.6,6.3,"ND","ND",
"Cereales sin grasa","Pan de miel y avena",1,"rebanada",28,28,71,3,1.1,12.7,0.9,0,19,1,140,"ND","ND","ND",
"Cereales sin grasa","Pan de plátano",0.75,"rebanada",21,21,68,0.9,2.2,11.5,0.2,0,4.4,0.3,63.4,"ND","ND","ND",
"Cereales sin grasa","Pan de trigo con arroz",0.75,"rebanada",21,21,59,1.4,1.5,10.2,0,0,14.7,0.4,85.5,"ND","ND","ND",
"Cereales sin grasa","Pan integral",1,"rebanada",25,25,67,2.4,1,12.6,1.1,29,78,1,145.8,"ND",54,13.5,
"Cereales sin grasa","Pan matza",0.5,"pieza",14,14,56,1.4,0.2,119,0.5,2,2,0.5,0.5,"ND","ND","ND",
"Cereales sin grasa","Pan melba",3,"pieza",15,15,60,1.8,0.6,11.4,0.9,3,15,0.6,123,"ND",70,10.5,
"Cereales sin grasa","Pan molido",8,"cucharadita",16,16,66,2.1,1,11.8,0.3,0,6.2,0.2,95.8,"ND","ND","ND",
"Cereales sin grasa","Pan negro",1,"rebanada",26,26,69,2.1,0.5,15.2,0.3,0,12.7,2.4,144.8,"ND",47,12.2,
"Cereales sin grasa","Pan negro con trigo",1,"rebanada",25,25,65,2,0.5,14.6,0.3,0,0,0,0,"ND",47,11.8,
"Cereales sin grasa","Pan para hambuerguesa chico",0.5,"pieza",26,26,67,2.5,1.1,12.9,0.7,0,26.5,0.7,111.5,1.9,"ND","ND",
"Cereales sin grasa","Pan para hambuerguesa grande",0.333333333333333,"pieza",25,25,65,2.4,1.1,12.5,0.6,0,25.7,0.7,108.2,1.8,"ND","ND",
"Cereales sin grasa","Pan para pambazo",0.5,"pieza",25,25,67,2.5,1,12.5,1.5,0,10.5,0.3,142.3,1,"ND","ND",
"Cereales sin grasa","Pan tipo ""english miffin""",0.5,"pieza",29,29,67,2.2,0.5,13.1,0.8,10.5,49.5,0.7,132,"ND",77,21.9,
"Cereales sin grasa","Pan tipo media noche",0.5,"pieza",22,22,55,2,1,10.5,0.5,0,10,0.5,105,1.5,"ND","ND",
"Cereales sin grasa","Pan tostado",1,"rebanada",15,15,64,1.6,1.2,11.8,0.1,0,13.5,0.9,88.1,2.2,"ND","ND",
"Cereales sin grasa","Panqué fat-free",0.5,"rebanada",25,25,71,1.4,0.3,15.3,0.3,17.5,10.8,0.5,85.3,8.6,"ND","ND",
"Cereales sin grasa","Papa al horno con cáscara",0.5,"pieza",78,78,73,1.5,0.1,16.8,1.2,7,3.9,0.3,3.9,1.3,60,46.8,
"Cereales sin grasa","Papa al horno sin cáscara",0.5,"pieza",78,78,73,1.6,0.1,16.8,1.2,7,4,0.3,4,1.4,"ND","ND",
"Cereales sin grasa","Papa cocida",0.5,"pieza",68,68,59,1.3,0.1,13.7,1.2,7.1,3.5,0.2,2.5,0.6,54,36.7,
"Cereales sin grasa","Papa cocida sin cascara",0.5,"pieza",68,68,58,1.2,0.1,13.7,1.2,6.1,5.4,0.2,3.4,0.6,"ND","ND",
"Cereales sin grasa","Papa de agua",1,"pieza",95,78,71,2.6,0.2,15.5,0.4,0,14.8,1.6,0,"ND","ND","ND",
"Cereales sin grasa","Papa de cambray",5,"pieza",115,94,72,1.5,0.1,16.5,0.5,12.3,12.3,2.5,5.7,"ND","ND","ND",
"Cereales sin grasa","Papa hervida con piel",0.5,"pieza",68,68,59,1.3,0.1,13.7,1.2,7.1,3.5,0.2,2.5,0.6,65,44.2,
"Cereales sin grasa","Papa hervida pelada",0.5,"pieza",68,68,58,1.2,0.1,13.7,1.2,6.1,5.4,0.2,3.4,0.6,"ND","ND",
"Cereales sin grasa","Papa picada",0.75,"taza",128,105,72,1.8,0.1,16.4,2.5,18.8,9.4,0.5,6.3,1.2,"ND","ND",
"Cereales sin grasa","Papa roja cruda",0.5,"pieza",85,85,60,1.6,0.1,13.5,1.4,15.3,8.5,0.6,5.1,0.9,"ND","ND",
"Cereales sin grasa","Papas hojuelas para puré",20,"g",20,20,71,1.7,0.1,16.2,1.3,9.2,5.4,0.2,20.8,0.7,"ND","ND",
"Cereales sin grasa","Papilla de arroz",0.5,"taza",17,17,67,1.4,0.5,14.1,1.1,2.5,9.1,7.9,2,0.2,"ND","ND",
"Cereales sin grasa","Papilla de arroz deshidratada",15,"g",15,15,59,1.1,0.7,11.6,0.1,3.6,127.5,7.1,4.8,"ND","ND","ND",
"Cereales sin grasa","Papilla de avena deshidratada",15,"g",15,15,56,1,0.2,12,0.1,0,128.7,7.5,41,"ND","ND","ND",
"Cereales sin grasa","Papilla de maíz deshidratada",0.75,"sobre",21,21,72,1.8,0.2,16.6,1.1,1.5,4.5,6.6,228.8,0.1,"ND","ND",
"Cereales sin grasa","Pasta cocida",0.5,"taza",60,60,78,3.2,1.1,14,0,11.6,6.3,0.7,49.5,"ND",44,26.4,
"Cereales sin grasa","Pasta con huevo",0.333333333333333,"taza",15,15,57,1.9,0.6,11,0,0,5.2,0.4,0.7,"ND","ND","ND",
"Cereales sin grasa","Pasta cruda para sopa",20,"g",20,20,68,1.9,0.1,14.6,0.4,5,5.2,0.4,0.4,"ND","ND","ND",
"Cereales sin grasa","Pasta de codito",0.5,"taza",20,20,74,2.5,0.2,15,0.1,5,5.4,0.3,0.4,"ND","ND","ND",
"Cereales sin grasa","Pasta de estrellitas",0.25,"taza",19,19,69,2.3,0.2,14.1,0.1,4.7,5.1,0.2,0.4,"ND","ND","ND",
"Cereales sin grasa","Pasta de lagrimitas",0.25,"taza",19,19,69,2.3,0.2,14.1,0.1,4.7,5.1,0.2,0.4,"ND","ND","ND",
"Cereales sin grasa","Pasta de letras",0.25,"taza",19,19,69,2.3,0.2,14.1,0.1,4.7,5.1,0.2,0.4,"ND","ND","ND",
"Cereales sin grasa","Pasta de moño",0.5,"taza",20,20,74,2.5,0.2,15,0.1,5,5.4,0.3,0.4,"ND","ND","ND",
"Cereales sin grasa","Pasta de municiones",0.25,"taza",19,19,69,2.3,0.2,14.1,0.1,4.7,5.1,0.2,0.4,"ND","ND","ND",
"Cereales sin grasa","Pasta de trigo cocida",0.5,"taza",60,60,78,3.2,1.1,14,0,11.6,6.3,0.7,49.5,"ND","ND","ND",
"Cereales sin grasa","Pasta de trigo fresca",25,"g",25,25,72,2.8,0.6,13.7,0,44,3.8,0.8,6.5,"ND","ND","ND",
"Cereales sin grasa","Pasta fresca",25,"g",25,25,72,2.8,0.6,13.7,0,44,3.8,0.8,6.5,"ND","ND","ND",
"Cereales sin grasa","Pasta integral cocida",0.333333333333333,"taza",46,46,57,2.5,0.3,12.3,2.1,2.3,6.9,0.5,1.3,"ND","ND","ND",
"Cereales sin grasa","Pasta integral cruda",20,"g",20,20,65,2.7,0.1,14.5,0.4,0,10.4,0.5,1.6,"ND","ND","ND",
"Cereales sin grasa","Pasta tornillo",0.333333333333333,"taza",15,15,57,1.9,0.6,11,0,0,5.2,0.4,0.7,"ND","ND","ND",
"Cereales sin grasa","Pasta ángel",1,"rebanada",28,28,73,1.7,0.2,16.4,0.4,1,40,0.2,212,"ND",67,18.8,
"Cereales sin grasa","Peneques",2,"pieza",26,26,58,1.5,0.4,12.3,1.2,0,28.1,0.7,0,"ND","ND","ND",
"Cereales sin grasa","Pinole",15,"g",15,15,58,1.6,0.9,11.3,0,0,11.9,1.2,0,"ND","ND","ND",
"Cereales sin grasa","Pretzels",6,"pieza",18,18,69,1.7,0.6,14.5,0.6,15.4,6.4,0.8,312.4,"ND",83,14.9,
"Cereales sin grasa","Puré de camote",0.25,"taza",60,60,60,1.2,0.1,13.8,1,0.1,18,0.8,44.6,"ND","ND","ND",
"Cereales sin grasa","Puré de camote con naranja",0.25,"taza",50,50,77,0.2,0,19,0,0,4.2,0.1,5.2,"ND","ND","ND",
"Cereales sin grasa","Puré de papa hojuelas",0.333333333333333,"taza",20,20,70,1.7,0.1,16.1,1.3,9.1,5.3,0.2,20.6,0.7,"ND","ND",
"Cereales sin grasa","Quaker instant 0% azúcar",0.5,"sobre",18,18,60,1.5,0.7,11.8,"ND","ND","ND","ND",85.1,"ND","ND","ND",
"Cereales sin grasa","Quinoa",20,"g",20,20,74,2.8,1.2,12.8,1.4,0,9.4,0.9,0.9,"ND","ND","ND",
"Cereales sin grasa","Raíz de chayote",100,"g",100,80,63,1.6,0.2,14.2,0.3,0,5.6,0.6,0,"ND","ND","ND",
"Cereales sin grasa","Sagú",55,"g",55,44,70,1.1,0,16.3,0.8,0,8.8,1.4,0,"ND","ND","ND",
"Cereales sin grasa","Salvado de trigo",6,"cucharada",29,29,64,2.4,0.2,24.4,24.4,1.1,12.5,0.8,2.3,"ND","ND","ND",
"Cereales sin grasa","Salvado de trigo",8,"cucharada",31,31,66,4.8,1.3,19.8,13.1,24.5,22.5,3.2,1,0.7,"ND","ND",
"Cereales sin grasa","Semora de maíz preparada",0.5,"taza",121,121,72,1.7,0.3,15.6,0.4,0,3.5,0.2,2.5,0.1,"ND","ND",
"Cereales sin grasa","Semolina",20,"g",20,20,72,2.5,0.2,14.6,0.8,14.3,3.3,0.9,0.2,"ND","ND","ND",
"Cereales sin grasa","Sopa  instan ramen sin  preparar",50,"g",50,50,67,2,1,11.3,0.7,0,0,1.4,493.5,1.3,"ND","ND",
"Cereales sin grasa","Sorgo",1.5,"cucharada",18,18,61,2,0.6,13.4,0,0,5.1,0.8,1.1,"ND","ND","ND",
"Cereales sin grasa","Tallarin cocido",0.333333333333333,"taza",16,16,60,2,0.3,12.1,0.1,0,10.2,0.5,0,"ND","ND","ND",
"Cereales sin grasa","Tallarin crudo",20,"g",20,20,74,2.5,0.2,15,0.1,5,5.4,0.3,0.4,"ND","ND","ND",
"Cereales sin grasa","Tapioca",2,"cucharada",19,19,65,0,0,16.2,0,0,0,0,0,"ND",70,13.6,
"Cereales sin grasa","Telera",0.333333333333333,"pieza",23,23,62,1.8,0.8,11.5,0.6,8.3,24.9,0.7,124.7,0.8,"ND","ND",
"Cereales sin grasa","Tortilla",1,"pieza",30,30,64,1.4,0.5,13.6,0.6,0,58.8,0.8,0,"ND",52,15.6,
"Cereales sin grasa","Tortilla de maíz",1,"pieza",30,30,64,1.4,0.5,13.6,0.6,0,58.8,0.8,0,"ND",52,15.6,
"Cereales sin grasa","Tortilla de maíz amarillo",1,"pieza",32,32,68,1.5,0.6,14.5,0.7,0,62.7,0.8,0,"ND","ND","ND",
"Cereales sin grasa","Tortilla de maíz azul o negro",1,"pieza",32,32,70,1.6,0.9,14.1,0.3,0,40,0.8,0.2,"ND","ND","ND",
"Cereales sin grasa","Tortilla de mapiz blanco",1,"pieza",30,30,67,1.8,0.5,14.2,1.3,0,32.4,0.8,0,"ND",52,15.6,
"Cereales sin grasa","Tortilla de maíz y soya",1,"pieza",33,33,75,2.2,1.4,13.8,0.7,0,42.2,1.6,0,"ND","ND","ND",
"Cereales sin grasa","Tortilla de maíz y trigo",1,"pieza",32,32,73,3.2,0.5,14.9,1.4,0,32.6,0.7,0,"ND","ND","ND",
"Cereales sin grasa","Tortilla de nopal",3,"pieza",69,69,60,3.2,1.2,13.1,9,0,135.2,1.8,0,"ND","ND","ND",
"Cereales sin grasa","Tostada de maíz horneada",2,"pieza",20,20,73,2,1.3,16,2,0,0,0,0,"ND","ND","ND",
"Cereales sin grasa","Tpstada de nopal horneada",2,"pieza",20,20,67,1.3,1.3,15.3,2.7,0,0,0,0,"ND","ND","ND",
"Cereales sin grasa","Trigo",1.5,"cucharada",21,21,71,2.2,0.5,15.4,0.7,0,12.2,0.2,0.6,"ND","ND","ND",
"Cereales sin grasa","Trigo cocido",1.5,"cucharada",21,21,70,2.2,0.5,15.1,0.7,0,12,0.2,0.6,"ND","ND","ND",
"Cereales sin grasa","Trigo entero",2,"cucharada",19,19,63,2,0.5,13.8,0.6,0,10.9,0.2,0.6,"ND","ND","ND",
"Cereales sin grasa","Trigo negro",20,"g",20,20,69,2.3,0.5,13.8,2.1,0,63.8,0,64,"ND","ND","ND",
"Cereales sin grasa","trigo triturado",1.5,"cucharada",20,20,66,2.1,0.5,14.3,0.6,0,11.3,0.2,0.6,"ND","ND","ND",
"Cereales sin grasa","Yuca",0.25,"pieza",88,60,72,0.6,0.4,16.8,0.7,0,30.9,1.4,4.8,"ND","ND","ND",
"Cereales sin grasa","Yuquilla",150,"g",150,129,68,5.3,0,12.4,1.5,0,65.8,15.7,0,"ND","ND","ND",
"Cereales con grasa","ALIMENTOS","Cantidad sugerida","Unidad","Peso bruto redondeado (g)","Peso neto (g)","Energia (Kcal)","Proteina (g)","Lípidos (g)","Hidratos de carbono (g)","Fibra (g)","Acido Fólico (µg)","Calcio (mg)","Hierro (mg)","sodio (mg)","Azúcar por equivalente (g)","indice glicémuco","Carga glicémica",
"Cereales con grasa","Barra Choco Krispis",1,"barra",19,19,17,1,1.5,15,0.5,0,0,0,90.6,"ND","ND","ND",
"Cereales con grasa","Barra de fruta con Avena fresa",30,"g",30,30,120,1.6,4.8,17.7,1.9,0,0,0,54.9,"ND","ND","ND",
"Cereales con grasa","Barra de granola",0.75,"pieza",21,21,101,2.2,4.2,13.7,1.1,5.3,12.8,0.6,62.3,"ND","ND","ND",
"Cereales con grasa","Barra multigrano linaza",20,"g",20,20,99,1.9,4.8,12,1.4,0,0,0,36.9,"ND","ND","ND",
"Cereales con grasa","Barra zucaritas",1,"barra",21,21,90,1,2,16,0.5,0,0,0,100,"ND","ND","ND",
"Cereales con grasa","Barra Chewy para niños varios sabores",1,"paquete",23,23,95,1.6,2.3,17,1.5,0,0,0,69.9,"ND","ND","ND",
"Cereales con grasa","Barrita de granola con cacahuate",0.333333333333333,"pieza",19,19,87,1.4,5,11,0.7,0,9.6,0.2,31.7,5.9,"ND","ND",
"Cereales con grasa","Barrita de granola con choco chip",1,"pieza",28,28,119,2.1,4.7,19.6,1.4,6,26,0.7,77,"ND","ND","ND",
"Cereales con grasa","Barrita de granola con pasitas y nuez",0.75,"pieza",21,21,87,1.7,4.4,13.5,1.2,6.8,18,0.5,54,"ND","ND","ND",
"Cereales con grasa","Barrita de granola cubierta con chocolate",0.75,"pieza",21,21,98,1.2,5.3,13.4,0.8,5.3,21.8,0.5,42,"ND","ND","ND",
"Cereales con grasa","Barrita de fresa",0.333333333333333,"pieza",21,21,97,1.1,3.9,14.4,0.3,26.4,0,1,36.6,"ND",50,10.6,
"Cereales con grasa","Barrita marinela",20,"g",20,20,91,0.7,3.8,13.4,0.2,0,0,0,32.5,"ND","ND","ND",
"Cereales con grasa","Base para pay",20,"g",20,20,110,1,8,9,0,0,0,0.4,150,"ND","ND","ND",
"Cereales con grasa","Bigote relleno de chocolate",0.333333333333333,"pieza",21,21,93,1.5,4.6,11.3,0.4,0,0,0,55.2,"ND","ND","ND",
"Cereales con grasa","Bigote de cajeta",0.333333333333333,"pieza",22,22,103,2.4,5,9,0,23.1,39.6,0.4,131.5,"ND","ND","ND",
"Cereales con grasa","Bigotes de chocolate",0.333333333333333,"pieza",22,22,103,2.4,5,9,0,23.1,39.6,0.4,131.5,"ND","ND","ND",
"Cereales con grasa","Bigotes miniatura de cajeta",2,"pieza",26,26,119,2.8,5.8,10.5,0,26.8,45.9,0.5,152.4,"ND","ND","ND",
"Cereales con grasa","Bimbuñuelos",2,"pieza",30,30,120,0.9,5.8,16,0,0,0,0,103.6,"ND","ND","ND",
"Cereales con grasa","Bisquet",0.5,"pieza",33,33,118,2,5.4,15.8,0.5,1.9,15.8,1.1,341.7,"ND","ND","ND",
"Cereales con grasa","Botanas con proteinas de amaranto",0.5,"bolsa",20,20,101,1.5,5.8,10.1,0.5,0,0,0,100.4,"ND","ND","ND",
"Cereales con grasa","Brownie casero",1,"pieza",24,24,112,1.5,7,12,0,4,14,0.4,82,"ND","ND","ND",
"Cereales con grasa","Brownie comercial",0.5,"pieza",28,28,114,1.4,4.6,17.9,0.6,3.5,8,0.6,87.5,"ND","ND","ND",
"Cereales con grasa","Charritos de amaranto",0.5,"bolsa",20,20,101,1.5,5.8,10.1,0.5,0,0,0,100.4,"ND","ND","ND",
"Cereales con grasa","Cheescake",1,"rebanada",30,30,96,1.7,6.8,7.7,0.1,0,0,0,0,"ND","ND","ND",
"Cereales con grasa","Cheetos",20,"g",20,20,110,0.8,7.2,10.4,0,0,0,0,128,"ND","ND","ND",
"Cereales con grasa","Cheetos poffs",20,"g",20,20,106,1.6,6.4,10.4,0.6,0,0,0,158,"ND","ND","ND",
"Cereales con grasa","Chetos torciditos",20,"g",20,20,108,1,7,10.2,0.4,0,0,0,126,"ND","ND","ND",
"Cereales con grasa","Chicharrón de harina enchilado",0.5,"bolsa",23,23,106,2.1,5.6,12.5,0.9,0,0,0,0,"ND","ND","ND",
"Cereales con grasa","Chips ahoy",2,"pieza",19,19,91,1,4,12.6,0.3,0,0,0,65.9,"ND","ND","ND",
"Cereales con grasa","Chips de platano",0.428571428571429,"bolsa individual",21,21,109,0.5,7.1,12.3,1.7,0,0,0,0,7.4,"ND","ND",
"Cereales con grasa","Choco chispas",4,"pieza",18,18,93,1,0.2,12.7,0.2,0,0,0,49.2,"ND","ND","ND",
"Cereales con grasa","Churritos barcel",0.25,"paquete",15,15,83,0.8,5.5,7.7,0.7,0,0,0,191.7,"ND","ND","ND",
"Cereales con grasa","Concha, pan dulce",0.333333333333333,"pieza",21,21,87,2.3,3.7,11.1,0,0,7.9,1,82.4,"ND","ND","ND",
"Cereales con grasa","Costra para pay casera",90,"g",90,90,109,1.4,7.2,9.8,0.4,0,0,0,0,"ND","ND","ND",
"Cereales con grasa","Costra para pay congelada",125,"g",125,125,101,1.3,5.8,11.3,0.6,0,0,0,0,0.9,"ND","ND",
"Cereales con grasa","Croissant",0.5,"pieza mediana",29,29,116,2.3,6,13.1,0.7,37.1,10.5,0.6,133.1,3.2,"ND","ND",
"Cereales con grasa","Croissant de manzana",0.75,"pieza mediana",43,43,109,3.2,3.7,15.9,1.1,37.6,12.8,0.5,117.1,"ND","ND","ND",
"Cereales con grasa","Croissant de queso",0.5,"pieza mediana",29,29,118,2.6,6,13.4,0.7,29.4,15.1,0.6,102.9,3.2,"ND","ND",
"Cereales con grasa","Croutones sazonados",0.75,"taza",23,23,105,2.4,4.1,14.3,1.1,9,21.4,0.6,278.4,"ND","ND","ND",
"Cereales con grasa","Cuernitos",0.5,"pieza mediana",29,29,116,2.3,6,13.1,0.7,37.1,10.5,0.6,133.1,3.2,"ND","ND",
"Cereales con grasa","Cuernitos de manzana",0.75,"pieza mediana",43,43,109,3.2,3.7,15.9,1.1,37.6,12.8,0.5,117.1,"ND","ND","ND",
"Cereales con grasa","Cuernitos de queso",0.5,"pieza mediana",29,29,118,2.6,6,13.4,0.7,29.4,15.1,0.6,102.9,3.2,"ND","ND",
"Cereales con grasa","Cuernos",0.5,"pieza mediana",29,29,116,2.3,6,13.1,0.7,37.1,10.5,0.6,133.1,3.2,"ND","ND",
"Cereales con grasa","Cupcake de chocolate",0.5,"pieza ",30,30,105,1,3.5,18,1,0,0,0,0,13,"ND","ND",
"Cereales con grasa","Dalmata",0.333333333333333,"pieza",19,19,83,0.8,4,10.9,0.2,0,0,0,47.9,"ND","ND","ND",
"Cereales con grasa","Dona",0.333333333333333,"pieza",21,21,90,1,4.9,10.7,0.3,1.8,9.6,0.4,117.3,3.6,76,16.3,
"Cereales con grasa","Dona azucarada",0.333333333333333,"pieza",21,21,90,1,4.9,10.7,0.3,1.8,9.6,0.4,117.3,3.6,76,16.3,
"Cereales con grasa","Dona glaseada de chocolate",0.333333333333333,"pieza",21,21,102,1,6.6,10.3,0.4,3.5,7.5,0.5,91.8,"ND","ND","ND",
"Cereales con grasa","Dona glaseada sabor chocolate",0.333333333333333,"pieza",21,21,102,1,6.6,10.3,0.4,3.5,7.5,0.5,91.8,"ND","ND","ND",
"Cereales con grasa","Dona glaseada",0.333333333333333,"pieza",21,21,90,1,4.9,10.7,0.3,1.8,9.6,0.4,117.3,3.6,76,16.3,
"Cereales con grasa","Doraditas",0.5,"pieza",18,18,98,0.9,5,12.3,0,0,0,0,139.3,"ND","ND","ND",
"Cereales con grasa","Doritos incognita",0.333333333333333,"paquete",19,19,90,15.4,4.5,10.8,1,0,0,0,196,"ND","ND","ND",
"Cereales con grasa","Doritos nachos",0.333333333333333,"paquete",20,20,95,1.6,5,11,1,0,0,0,152,"ND","ND","ND",
"Cereales con grasa","Doritos pizzerolas",0.333333333333333,"paquete",19,19,93,1.4,4.9,10.8,1,0,0,0,213.5,"ND","ND","ND",
"Cereales con grasa","Eclair de chocolate",0.5,"pieza",29,29,98,1.3,4.6,12.8,0,0,5.5,0.4,32.5,"ND","ND","ND",
"Cereales con grasa","Fritos",20,"g",20,20,110,1.6,7.2,9.6,1.6,0,0,0,144,"ND","ND","ND",
"Cereales con grasa","Frituras de maíz con chile y limón",0.333333333333333,"bolsa",19,19,84,0.8,5.3,8.3,0,0,0,1.4,218.2,"ND",64,12,
"Cereales con grasa","Frituras de maíz con limón y sal",0.333333333333333,"bolsa",19,19,84,0.8,5.3,8.3,0,0,0,1.4,218.2,"ND",64,12,
"Cereales con grasa","Fruitcake",0.333333333333333,"rebanada",32,32,104,0.9,2.9,19.9,1.2,0,0,0,0,9.6,"ND","ND",
"Cereales con grasa","Galletas con chispa de chocolate",3,"pieza",21,21,105,1.3,5.3,13.8,0.7,0,0,0,72.2,6.6,"ND","ND",
"Cereales con grasa","Galletas cubierta de chocolate",1.5,"pieza",21,21,103,1.2,5,14.2,0.7,2.3,12,0.8,61.5,"ND","ND","ND",
"Cereales con grasa","Galleta de avena",1,"pieza",18,18,81,1.1,3.3,12.4,0.5,1,7,0.5,69,"ND","ND","ND",
"Cereales con grasa","Galleta de avena con pasas",2,"pieza",25,25,110,1,5,15,0,0,0,0,75,"ND","ND","ND",
"Cereales con grasa","Galleta de avena y manzana",1,"pieza",24,24,108,0.9,3.5,17.6,0,0,23,0.3,106.5,"ND","ND","ND",
"Cereales con grasa","Galleta de chocolate con relleno cremoso",2.5,"pieza",23,23,106,1.3,4.6,16.5,0.7,0,"0.0.",0,0,9.3,"ND","ND",
"Cereales con grasa","Galleta de chocolate con relleno cremoso baja en grasa",3,"pieza",27,27,119,1.6,3.6,20.6,0.8,0,0,0,0,11.1,"ND","ND",
"Cereales con grasa","Galleta de crema de cacahuate",1.5,"pieza",23,23,108,2.1,5.3,13.2,0.5,7.5,7.5,0.6,93,"ND","ND","ND",
"Cereales con grasa","Galleta de malvavisco con chocolate",2,"pieza",26,26,110,1,4.4,17.6,0.6,2,12,0.7,44,"ND","ND","ND",
"Cereales con grasa","Galleta de nuez",1.5,"pieza",23,23,110,1.5,4.5,15.8,1.9,0,0,0,131.2,5.2,"ND","ND",
"Cereales con grasa","Galleta integral",4,"pieza",20,20,95,1.7,3.6,13.9,1.1,0,0,0,180,0.5,"ND","ND",
"Cereales con grasa","Galleta integral con miel",4,"pieza",24,24,110,1.9,3.2,18.2,0.6,0,0,0,90.8,5.2,"ND","ND",
"Cereales con grasa","Galleta integral de miel",4,"pieza",24,24,110,1.9,3.2,18.2,0.6,0,0,0,90.8,5.2,"ND","ND",
"Cereales con grasa","Galleta integral de trigo",4,"pieza",28,28,113,2.4,3.9,19.1,1.6,0,6.4,0.1,153.2,"ND","ND","ND",
"Cereales con grasa","Galleta integral molida",4,"cucharada",24,24,114,2.1,4.3,16.6,1.4,0,0,0,216,0.6,"ND","ND",
"Cereales con grasa","Galleta O´reo",2,"pieza",18,18,86,0.9,3.8,12.2,0.4,0,0,0,84.8,"ND","ND","ND",
"Cereales con grasa","Galleta salada cremosa",7,"pieza",22,22,112,1.4,5.6,14,0,0,0,0,189,1.4,"ND","ND",
"Cereales con grasa","Galleta sandwich",2,"pieza",21,21,91,0.8,2.1,16.5,0.8,0,0,0,181.1,9.1,"ND","ND",
"Cereales con grasa","Galleta sandwich chocolate",2,"pieza",21,21,91,0.8,2.1,16.5,0.8,0,0,0,181.1,9.1,"ND","ND",
"Cereales con grasa","Galleta sandwuich de vainilla",2,"pieza",21,21,91,0.8,25.1,16.5,0.8,0,0,0,181.1,9.1,"ND","ND",
"Cereales con grasa","Galleta wafers",6,"pieza",21,21,105,0.8,4.5,15.8,0.8,0,0,0,30,9.8,"ND","ND",
"Cereales con grasa","Galletas con almendras",1.5,"pieza",21,21,113,0.8,7.4,12.8,"ND",0,0,0,0,9.8,"ND","ND",
"Cereales con grasa","Galletas con chispas de chocolate",0.5,"pieza",16,16,80,1,4,10.5,0,0,0,0,".0.",5,"ND","ND",
"Cereales con grasa","Galletas con chispas de chocolate bajas en grasa",2,"pieza",20,20,90,1.2,33,14.6,0.8,0,0,0,0,"ND","ND","ND",
"Cereales con grasa","Galletas con chispas de chocolate con mantequilla casera",1.5,"pieza",24,24,117,1.4,6.8,14,"ND",0,0,0,0,"ND","ND","ND",
"Cereales con grasa","Galletas de manzana con pasas",1,"pieza",26,26,113,1.3,4.3,17.2,0.6,0,0,0,0,8.8,"ND","ND",
"Cereales con grasa","Gansito",25,"g",25,25,99,1.1,3.9,14.9,0.6,0,0,0,55.5,"ND","ND","ND",
"Cereales con grasa","Granola con almendras",3,"cucharada",21,21,98,2.5,3.5,14.1,1.1,7,18.1,0.9,7,4.3,"ND","ND",
"Cereales con grasa","Granola con avena y miel",3,"cucharada",21,21,96,2.3,4,13.7,1.4,6.6,26.7,0.5,8.8,5.7,"ND","ND",
"Cereales con grasa","Granola con pasitas y dátiles",3,"cucharada",21,21,92,2.1,2.9,15.2,1.3,6.7,16.1,0.9,5.3,6.1,"ND","ND",
"Cereales con grasa","Granola estándar",3,"cucharada",21,21,97,2.3,4,14.1,1.1,0,0,0,8.2,"ND","ND","ND",
"Cereales con grasa","Granola Thins Nature Valley",1,"pieza",17,17,80,1,4,11,1,0,0,0,75,"ND","ND","ND",
"Cereales con grasa","Habaneras Bran Arándanos Ciruela",35,"g",35,35,113,2.7,4.3,16,3,0,0,0,171.5,"ND","ND","ND",
"Cereales con grasa","Harina de algodón  baja  en grado",4,"cucharada",32,32,106,15.9,0.4,11.5,0,0,0,0,57.6,"ND","ND","ND",
"Cereales con grasa","harina de cacahuate",4,"cucharada",32,32,105,16.7,0.2,11.1,5.1,0,0,0,13.2,2.6,"ND","ND",
"Cereales con grasa","Harina de girasol parcialmente desgrasada",4,"cucharada",32,32,105,15.4,0.5,11.5,1.7,0,0,0,0,"ND","ND","ND",
"Cereales con grasa","Harina de sésamo baja en grasa",4,"cucharada",32,32,107,16,0.6,11.4,0,0,0,0,6.4,"ND","ND","ND",
"Cereales con grasa","Harina de soya baja en grasa",4,"cucharada",32,32,120,14.5,2.8,11.2,5.1,0,0,0,1,3.4,"ND","ND",
"Cereales con grasa","Harina de soya desgrasada",4,"cucharada",32,32,106,15,0.4,12.3,5.6,0,0,0,4.2,6,"ND","ND",
"Cereales con grasa","Harina de soya fill fat",3,"cucharada",24,24,105,8.3,4.9,8.5,2.3,0,0,0,2.2,1.8,"ND","ND",
"Cereales con grasa","Hojaldra",0.333333333333333,"pieza",28,28,115,2.3,6,13,0.7,8,10.4,0.6,210.8,"ND","ND","ND",
"Cereales con grasa","Kinder delice",0.5,"paquete",21,21,95,1,5.9,9,0.5,0,0,0,20,"ND","ND","ND",
"Cereales con grasa","Macarrón con queso",0.25,"taza",50,50,108,4.2,5.6,10.1,0,0,90.5,0.5,271.5,"ND","ND","ND",
"Cereales con grasa","Madalena",0.75,"pieza",20,20,92,1.6,4.2,8.9,0,0,0,0,85,"ND","ND","ND",
"Cereales con grasa","Maíz palomero con mantequilla horno de microondas",2.5,"taza",38,38,115,3.5,2.6,25.4,6.1,0,20,0.2,383.8,"ND","ND","ND",
"Cereales con grasa","Marías Gamesa Cereale Chocoplátano",20,"g",20,20,120,1.4,2.7,12.6,1.7,0,0,0,84,"ND","ND","ND",
"Cereales con grasa","Marías Gamesa Cereale Fresa",30,"g",30,30,121,2.1,4.1,18.9,2.5,0,0,0,126,"ND","ND","ND",
"Cereales con grasa","Muffin con mantequilla",0.333333333333333,"pieza",37,37,112,2.9,3.4,18,0,10.1,61,0.9,228.5,"ND","ND","ND",
"Cereales con grasa","Muffin de blueberry",0.25,"pieza",28,28,107,1.3,4.5,15,0.3,20.6,13,0.4,95.8,9.3,59,16.7,
"Cereales con grasa","Muffin de maíz",0.333333333333333,"pieza",37,37,114,2.2,3.1,19,1.2,12.4,27.5,1,194.3,2.8,49,18.3,
"Cereales con grasa","Muffin integral",0.333333333333333,"pieza",37,37,11,2.6,2.8,18,1.7,51.8,23.5,1.6,146.5,3.1,60,22.4,
"Cereales con grasa","Muffin integral con pasas",0.333333333333333,"pieza",37,37,118,2.5,3.2,19.9,2.5,0,42.4,1.8,200.6,"ND","ND","ND",
"Cereales con grasa","Nachos",3,"pieza",21,21,106,1.7,5.5,13.3,1.1,3,31.5,0.3,150.8,"ND","ND","ND",
"Cereales con grasa","Nature valley",0.5,"barra",18,18,70,1.5,2,12.5,1.5,0,0,0,32.5,"ND","ND","ND",
"Cereales con grasa","Nature valley barra granola con manzana",1,"pieza",21,21,90,1.5,3.2,13,1.2,0,0,0,65,"ND","ND","ND",
"Cereales con grasa","Oreja",0.333333333333333,"pieza",17,17,81,1,4.4,9.6,0.2,13.2,0,0.3,50.8,"ND","ND","ND",
"Cereales con grasa","Orejas de pan dulce",0.333333333333333,"pieza",17,17,81,1,4.4,9.6,0.2,13.2,0,0.3,50.8,"ND","ND","ND",
"Cereales con grasa","Palomitas con queso",0.75,"taza",21,21,110,2,7,10.8,2.1,2.3,24,0.5,186.8,"ND","ND","ND",
"Cereales con grasa","Palomitas garapiñadas",0.75,"taza",21,21,91,0.8,2.7,16.6,1.1,1.1,0.9,0.4,43.3,11.2,"ND","ND",
"Cereales con grasa","Pan de ajo",1,"pieza",28,28,93,2,3.9,12.3,1,0,49.1,0.9,142.5,2.5,"ND","ND",
"Cereales con grasa","Pan de ajo con queso",1,"pieza",28,28,98,2.5,4.9,11.3,1,0,98.2,0.7,211.2,1,"ND","ND",
"Cereales con grasa","Pan dulce, orejas",0.333333333333333,"pieza",17,17,81,1,4.4,9.6,0.2,13.2,0,0.3,50.8,"ND","ND","ND",
"Cereales con grasa","Pan de jenjibre",1,"rebanada",28,28,100,1.1,4.6,13.8,"ND",0,0,0,0,"ND","ND","ND",
"Cereales con grasa","Pan de muesli",1,"rebanada",28,28,94,2.5,3.6,13.2,1.4,0,0,0,124.9,"ND",54,15.1,
"Cereales con grasa","Pan tipo muffin con mantequilla",0.333333333333333,"pieza",37,37,112,2.9,3.4,18,0,10.1,61,0.9,228.5,"ND","ND","ND",
"Cereales con grasa","Pan tipo muffin de fruta",0.25,"pieza",28,28,107,1.3,4.5,15,0.3,20.6,13,0.4,95.8,9.3,"ND","ND",
"Cereales con grasa","pan tipo muffin de maíz",0.333333333333333,"pieza",37,37,144,2.2,3.1,19,1.2,12.4,27.5,1,194.3,2.8,49,18.3,
"Cereales con grasa","Pan tipo muffin integral",0.333333333333333,"pieza",37,37,101,2.6,2.8,18,1.7,51.8,23.5,1.6,146.5,3.1,60,22.4,
"Cereales con grasa","Panqué",0.5,"rebanada",20,20,84,1.3,4.3,9.8,0.2,0,10.4,0.3,71.4,5.7,"ND","ND",
"Cereales con grasa","Panqué con mantequilla",0.5,"rebanada",20,20,84,1.3,4.3,9.8,"ND",0,10.4,3,71.4,"ND","ND","ND",
"Cereales con grasa","Panqué de nata",0.5,"rebanada",23,23,97,1.4,5.6,10.7,0,3.4,5.5,0.4,65,"ND","ND","ND",
"Cereales con grasa","Panqué de salvado",1,"rebanada",40,40,118,1.6,5.6,13.6,1.2,0,19.2,0.6,79.2,3.2,"ND","ND",
"Cereales con grasa","Panquecito cubierto de chocolate",0.5,"pieza",24,24,86,1.1,3,14.2,0,0,31,0.2,80.5,"ND","ND","ND",
"Cereales con grasa","Panquecito cubierto de vainilla",0.5,"pieza",33,33,119,1.1,3.8,20.6,0,0,16.6,0,74,"ND","ND","ND",
"Cereales con grasa","Panquecito de vainilla",0.5,"pieza",33,33,119,1.1,3.8,20.6,0,0,16.6,0.1,74,"ND","ND","ND",
"Cereales con grasa","Papa congelada para freir",50,"g",50,50,100,1.6,3.8,15.6,1.6,6,4,0.6,15,"ND","ND","ND",
"Cereales con grasa","Papa hash brown",0.25,"taza",39,39,100,1.2,4.9,13.7,1.2,6.2,5.5,0.2,133.4,0.6,"ND","ND",
"Cereales con grasa","Papa sal",20,"g",20,20,107,1,6.6,11,1,0,0,0,116,"ND","ND","ND",
"Cereales con grasa","Papas fritas",6,"pieza",18,18,100,1.1,6.9,9.2,0.6,1.3,4.3,0.3,118.1,0.9,76,13.7,
"Cereales con grasa","Papas fritas a la francesa",4,"pieza",20,20,112,1.2,7.7,10.2,0.7,1.4,4.8,0.3,13.2,1,"ND","ND",
"Cereales con grasa","Papas fritas bajas en grasa",7,"pieza",21,21,105,1.2,5.4,13.6,0.8,5.7,7.1,0.3,89.9,1.1,"ND","ND",
"Cereales con grasa","Papas fritas con crema ácida y cebolla",6,"pieza",18,18,98,1.2,6.7,9.2,0.2,4.1,11.5,0.3,129.6,"ND","ND","ND",
"Cereales con grasa","papas fritas con queso",6,"pieza",18,18,99,1.3,6.7,9.1,0.6,3.2,19.8,0.3,135.9,0.9,"ND","ND",
"Cereales con grasa","Papas fritas en juliana",6,"pieza",30,30,100,1.1,5.6,11.9,1,6.6,3.6,0.5,183.9,"ND","ND","ND",
"Cereales con grasa","Papas fritas light",10,"pieza",19,19,100,1.1,5.6,11.9,1,6.6,3.6,0.5,183.9,"ND","ND","ND",
"Cereales con grasa","Papas fritas reducidas en grasa",0.75,"bolsa individual",20,20,94,1.1,4.8,12.2,0.7,5.1,6.4,0.3,80.3,0.9,"ND","ND",
"Cereales con grasa","Papas sabritas",20,"g",195,195,102,0.8,6.4,10.4,0.8,0,0,0,112,"ND","ND","ND",
"Cereales con grasa","Papilla de macarrones con pollo",1.5,"frasco",20,20,101,4.1,2.9,14.6,0.6,10.5,42.9,1,31.2,"ND","ND","ND",
"Cereales con grasa","Pasta de hojaldre",20,"g",20,20,108,1.1,8.2,7.6,0.3,0,3.9,0,1.2,"ND","ND","ND",
"Cereales con grasa","Pasta hojaldrada",20,"g",20,20,108,1.1,8.2,7.6,0.3,0,3.9,0,1.2,"ND","ND","ND",
"Cereales con grasa","Pasta quebrada",20,"g",28,28,108,1.1,8.2,7.6,0.3,0,3.9,0,1.2,"ND","ND","ND",
"Cereales con grasa","Pastel de chocolate",1,"rebanada",28,28,104,1.5,4.2,14.8,0.4,0,16.8,0.5,88.2,"ND","ND","ND",
"Cereales con grasa","Pastel de frutas",1,"rebanada",28,28,91,0.8,2.5,17.3,1,0.7,9.1,0.6,75.5,12,47,13.2,
"Cereales con grasa","Pastel de piña",1,"rebanada",28,28,89,1,3.4,14.1,"ND",5.3,33.6,0.4,89.3,"ND","ND","ND",
"Cereales con grasa","Pastel de zanahoria con cubierta de queso crema",0.5,"rebanada",28,28,112,1.1,5.7,14.6,0.3,3.2,6.9,0.3,50.6,10.8,"ND","ND",
"Cereales con grasa","Pastelito con relleno cremoso y mermelada",0.5,"pieza",25,25,98,1.1,3.9,14.8,0.7,0,18.8,0.6,59.5,10.5,"ND","ND",
"Cereales con grasa","Pastelito de chocolate con relleno cremoso",1,"pieza",30,30,109,1.3,3.2,18.7,0.6,0,0,0,93.9,13.2,"ND","ND",
"Cereales con grasa","Pastitas de mantequilla",2,"pieza",15,15,84,0.8,4.7,9.6,0,0,3,0.3,30,3,"ND","ND",
"Cereales con grasa","Pay de calabaza",1,"rebanada",45,45,109,1.8,4.4,15.7,0.8,7.2,28.8,0.4,107.6,8.5,"ND","ND",
"Cereales con grasa","Pay de chocolate",1,"rebanada",30,30,91,0.8,5.8,10.1,0.6,2.1,10.9,0.3,40.9,"ND","ND","ND",
"Cereales con grasa","Pay de limón con merengue",1,"rebanada",35,35,94,0.5,3,16.5,0.4,2.8,19.5,0.2,51.1,8.4,"ND","ND",
"Cereales con grasa","Pay  de manzana",1,"rebanada",40,40,95,0.8,4.4,13.6,0.6,1.6,4.5,0.2,106.6,"ND","ND","ND",
"Cereales con grasa","Pay de nuez",0.333333333333333,"pieza",23,23,102,1.5,4.5,13.9,0.2,3.7,5.1,0.2,77.2,6.4,"ND","ND",
"Cereales con grasa","Pay de piña",0.333333333333333,"pieza",28,28,108,1,4.9,15.1,0.1,0,6.6,0.2,120.3,5.3,"ND","ND",
"Cereales con grasa","Pay de queso",1,"rebanada",35,35,112,1.9,7.9,8.9,0,5.3,17.9,0.2,72.6,7.6,"ND","ND",
"Cereales con grasa","Pay helado de limón",1,"rebanada",40,40,109,0.9,6.1,13,0.6,0,12.1,0.1,72.7,9.4,"ND","ND",
"Cereales con grasa","Pop tarts",0.333333333333333,"pieza",18,18,70,1,1.7,12.9,0.3,0,0,0,73.5,"ND","ND","ND",
"Cereales con grasa","Prispas",0.75,"paquete",19,19,91,0.8,3.4,14.3,0.4,0,0,0,131.3,"ND","ND","ND",
"Cereales con grasa","Puré de papa",0.5,"taza",105,105,119,2,4.4,17.5,1.6,8.4,25.2,0.3,332.9,1.5,74,77.7,
"Cereales con grasa","Rice krispies treats",1,"barra",22,22,90,1,2.5,17,0,0,0,0,105,"ND","ND","ND",
"Cereales con grasa","Roles de canela",0.5,"pieza",30,30,100,2,2.2,18,0.2,4.8,12.6,0.6,64.5,8.1,"ND","ND",
"Cereales con grasa","Rollo de fresa",1,"pieza",30,30,100,1.4,2.1,18.9,0.1,4.8,7,0.4,87,11.7,"ND","ND",
"Cereales con grasa","Runner sabor hot sauce",0.333333333333333,"bolsa",20,20,110,1.2,6.9,10.9,0.5,0,0,0,210,"ND","ND","ND",
"Cereales con grasa","Sabritas ligeras",20,"g",20,20,97,1.2,4.6,12.8,0.8,0,0,0,80,"ND","ND","ND",
"Cereales con grasa","Sabritas ligeras citricas",20,"g",20,20,93,1.2,4.4,12.2,0.8,0,0,0,148,"ND","ND","ND",
"Cereales con grasa","Salsa gravie de champiñones",1,"taza",230,230,116,2.9,6.2,12.69,0.9,27.8,15.4,1.5,1310.5,"ND","ND","ND",
"Cereales con grasa","Salsa gravie de res",1,"taza",226,226,120,8.5,5.4,10.8,1,3.9,13.5,1.6,1265.8,"ND","ND","ND",
"Cereales con grasa","Sándwich Quaker chocolate",30,"g",30,30,124,2.7,5.2,16.6,2.8,0,0,0,96,"ND","ND","ND",
"Cereales con grasa","Senzo",2,"pieza",22,22,106,1.1,5.1,13.8,0.5,0,0,0,75.4,"ND","ND","ND",
"Cereales con grasa","Snack mix nabisco 100 Kcal",1,"paquete",22,22,99,2,3,16,1,0,0,0,210.1,"ND","ND","ND",
"Cereales con grasa","Strudel de manzana",1,"rebanada",40,40,110,1.3,4.5,16.5,0.9,2.3,6.2,0.2,107.6,10.4,"ND","ND",
"Cereales con grasa","Tamal de carne",0.2,"pieza",40,40,102,3.1,6,8.8,0.1,0,24.4,0.6,70.4,"ND","ND","ND",
"Cereales con grasa","Tamal de elote",0.2,"pieza",40,40,86,1.1,4.3,9.9,0.4,0,43.2,0.3,234.3,"ND","ND","ND",
"Cereales con grasa","Tamal de frijol",0.2,"pieza",40,40,103,1.5,7.2,9.1,0.4,0,24.6,0,112.9,"ND","ND","ND",
"Cereales con grasa","Tamal de queso con rajas",0.2,"pieza",40,40,104,2,7.1,9.1,0.4,0,41.3,0,130.3,"ND","ND","ND",
"Cereales con grasa","Tamal rojo",0.166666666666667,"pieza",34,34,103,0.9,6.5,11,0.2,0,"ND",0,"ND","ND","ND","ND",
"Cereales con grasa","Tamal verde",0.166666666666667,"pieza",34,34,103,0.9,6.5,11,0.2,0,"ND",0,"ND","ND","ND","ND",
"Cereales con grasa","Tortilla de harina",1,"pieza",28,28,80,1.9,1.9,13.4,0.1,0,19.9,0.3,214.8,0.1,30,8.4,
"Cereales con grasa","Tortilla de harina integral",1,"pieza",28,28,82,2.5,2.9,11.4,1.2,0,0,0,166.9,0.1,"ND","ND",
"Cereales con grasa","Tostada",1.5,"pieza",18,18,93,1.2,4.9,11.2,1.2,0,19.3,0.2,131.6,"ND","ND","ND",
"Cereales con grasa","Tostada rayada",1.5,"pieza",18,18,93,1.2,4.9,11.2,1.2,0,19.3,0.2,131.6,"ND","ND","ND",
"Cereales con grasa","Tostada tipo jalisco",1.5,"pieza",18,18,93,1.2,4.9,11.2,1.2,0,19.3,0.2,131.6,"ND","ND","ND",
"Cereales con grasa","Totopos de maíz",25,"g",25,25,109,1.4,5.6,13.5,1.4,2.7,39.3,0.4,40.8,"ND","ND","ND",
"Cereales con grasa","Trenza glaseada",0.5,"pieza",21,21,85,0.7,3.8,12.2,0.3,1.5,5.54,0.3,70.5,7.2,"ND","ND",
"Cereales con grasa","Wafle",1,"pieza",35,35,100,2.3,3.4,15.1,0.8,20,107.8,2,223.3,1.8,76,26.6,
"Cereales con grasa","Wafle con mantequilla",1,"pieza",35,35,97,2.3,3.8,13.9,0.6,17.9,17.9,1.6,184.1,1,76,26.6,
"Cereales con grasa","Wafle estilo casero",1,"pieza",31,31,86,2,3.3,12.4,0.4,15.9,15.9,1.4,181.7,0.8,769,23.6,
"Cereales con grasa","Wafle integral",1,"pieza",35,35,84,2.3,2.9,13.2,1.4,10.8,17.9,1.6,198.5,1.3,"ND","ND",
"Cereales con grasa","Wafle miniatura",2,"pieza",40,40,112,3,3.9,16.3,9,25.8,25.8,2.3,258.1,0.6,"ND","ND",
"Leguminosas","ALIMENTOS","Cantidad sugerida","Unidad","Peso bruto redondeado (g)","Peso neto (g)","Energia (Kcal)","Proteina (g)","Lípidos (g)","Hidratos de carbono (g)","Fibra (g)","Hierro NO HEM (mg)","Selenio (µg)","Sodio (mg)","Fósforo (mg)","Potasio (mg)","Azúcar por equivalente (g)","indice glicémuco","Carga glicémica"
"Leguminosas","Alubia cocida (chica o grande)",0.5,"taza",90,90,124,8.7,0.3,22.5,5.6,3.3,1.2,5.4,101.1,502.1,0.3,28,6.3
"Leguminosas","Alubia cruda (chica o grande)",35,"g",35,35,117,8.1,0.3,21.1,5.3,3.7,4.5,5.6,105.4,628.3,0.7,"ND","ND"
"Leguminosas","Alubia enlatada guisada",0.333333333333333,"taza",86,86,99,6.3,0.3,18.3,4.2,2.6,1.4,299.9,78.7,392.5,0.3,52,9.5
"Leguminosas","Alubia germinada",1,"taza",190,190,63,9.1,1.1,8.9,"ND",1.7,1.1,13.3,72.2,368.6,"ND","ND","ND"
"Leguminosas","Alverjón o chicharo  seco crudo",35,"g",35,35,119,8.6,0.4,21.1,"ND",1.6,0.6,5.3,128.1,343.4,2.8,"ND","ND"
"Leguminosas","Alverjón o chicharo  seco cocido",0.5,"taza",98,98,116,8.2,0.4,20.7,"ND",1.3,0.6,2,97,354.8,2.8,22,4.5
"Leguminosas","Chicharo germinado cocido",0.5,"taza",103,103,100,7.2,0.5,17.5,"ND",1.7,0.6,3.1,24.6,274.7,"ND","ND","ND"
"Leguminosas","Frijol germinado cocido",1,"taza",124,124,97,8.8,1,18.6,10.7,2.6,0.7,17.4,127.7,393.1,"ND","ND","ND"
"Leguminosas","Frijol germinado crudo",1.5,"taza",156,156,105,9.6,1.1,20.4,"ND",3,0.9,20.3,156,478.9,"ND","ND","ND"
"Leguminosas","Frijol molido",0.333333333333333,"taza",73,73,96,6.4,0.4,17.2,6.3,1.5,0.9,0.8,101.6,257.7,0.2,"ND","ND"
"Leguminosas","Frijol promedio cocido",0.5,"taza",86,86,114,7.6,0.5,20.4,7.5,1.8,1,1,120.4,305.3,0.3,43,8.8
"Leguminosas","Frijol promedio crudo",35,"g",35,35,119,7.6,0.5,21.8,5.3,1.8,1.1,1.8,123.2,519.1,0.7,"ND","ND"
"Leguminosas","Frijoles enteros enlatados",0.5,"taza",128,128,108,6.7,0.8,18.6,6.8,1.5,1.2,378.9,115.2,303.4,2.4,45,8.4
"Leguminosas","Frijoles refritos, caseros o enlatados",0.333333333333333,"taza",75,75,95,4.1,4.1,11.3,7.1,"ND",2.4,237,"ND","ND",3,"ND","ND"
"Leguminosas","Gandul",40,"g",40,40,118,6,0.6,22.7,2.9,1.7,1,5.8,"ND",473.3,"ND","ND","ND"
"Leguminosas","Garbanzo cocido",0.5,"taza",82,82,135,7.3,2.1,22.5,6.3,2.4,3,5.5,138,238.5,4,31,7
"Leguminosas","Garbanzo crudo",35,"g",35,35,127,6.8,2.2,21.2,6.1,2.2,2.9,8.4,128.1,306.3,3.7,"ND","ND"
"Leguminosas","Garbanzo enlatado",0.5,"taza",120,120,143,6,1.4,27.2,5.3,1.6,3.4,359,108,206.5,"ND",42,11.4
"Leguminosas","Haba seca cocida",0.5,"taza",85,85,94,6.5,0.3,16.7,4.6,1.3,2.2,4.3,106.3,281.4,1.5,"ND","ND"
"Leguminosas","Haba seca cruda",0.25,"taza",38,38,128,9.8,0.6,21.9,9.4,2.5,3.1,4.9,157.9,398.3,2.1,"ND","ND"
"Leguminosas","Harina de frijol",3,"cucharada",33,33,110,7.4,0.7,19.4,1.5,4.4,4.2,2.6,"ND",480.4,"ND","ND","ND"
"Leguminosas","Harina de garbanzo",3,"cucharada",33,33,117,6.6,2.2,18.7,1.5,2.3,3.9,8.5,"ND",287.1,"ND","ND","ND"
"Leguminosas","Harina de haba",3,"cucharada",33,33,114,9.1,0.6,19.1,0.6,6,3.9,4.3,"ND","ND","ND","ND","ND"
"Leguminosas","Harina de lenteja",3,"cucharada",33,33,108,8.1,0.5,18.5,1.3,6.6,3.9,0,80.4,"ND","ND","ND","ND"
"Leguminosas","Harina de soya",4,"cucharada",25,25,108,9.3,5.1,7.8,2.4,1.6,1.8,2.9,116.6,500,"ND","ND","ND"
"Leguminosas","Harina de soya baja en grasa",4,"cucharada",25,25,91,12.2,2.2,7.5,2.4,1.5,2.3,4.4,145.3,629.7,2.5,"ND","ND"
"Leguminosas","Harina de soya sin grasa",4,"cucharada",22,22,81,11.2,1.5,7.9,2.1,1.3,13,2,148.5,459.8,4.4,"ND","ND"
"Leguminosas","Hummus",5,"cucharada",75,75,125,5.9,7.2,10.7,4.5,1.8,"ND",284.3,132,171,"ND",1,0.1
"Leguminosas","Ibes o haba de lima cocida",0.5,"taza",85,85,105,5.8,0.3,20.1,4.5,2.1,1.7,14.5,110.5,484.5,1.4,32,6.4
"Leguminosas","Ibes o haba de lima cruda",90,"g",90,90,102,6.2,0.8,18.2,4.4,2.8,1.6,7.2,122.4,420.3,1.3,"ND","ND"
"Leguminosas","Lenteja cocida",0.5,"taza",99,99,115,9,0.4,20,7.8,3.3,2.8,2,178,365.5,1.8,26,5.2
"Leguminosas","Lenteja cruda",35,"g",35,35,124,9,0.4,21,10.7,2.6,2.9,2.1,157.9,334.3,0.7,"ND","ND"
"Leguminosas","Miso (soybean paste)",60,"g",60,60,120,7.1,3.6,15.9,3.2,1.5,0,2237.1,0,0,3.6,"ND","ND"
"Leguminosas","Soya cocida",0.333333333333333,"taza",57,57,98,9.4,5.1,5.6,3.4,2.9,4.1,0.6,139.1,292.3,1.7,18,1
"Leguminosas","Soya texturizada",30,"g",30,30,95,11.6,0.9,11.7,5.4,3.6,0.2,3.2,193.9,577.5,"ND","ND","ND"
"A.O.A Muy bajos en grasa","ALIMENTOS","Cantidad sugerida","Unidad","Peso bruto redondeado (g)","Peso neto (g)","Energia (Kcal)","Proteina (g)","Lípidos (g)","Hidratos de carbono (g)","Colesterol (mg)","Vitamina A     (µg RE)","Calcio (mg)","Hierro (mg)","Sodio (mg)","Selenio (mg)",,,
"A.O.A Muy bajos en grasa","Abulón fresco",40,"g",40,40,42,6.8,0.3,2.4,33.9,0.9,12.2,1.3,120.5,17.9,,,
"A.O.A Muy bajos en grasa","Acociles",50,"g",50,35,37,7.4,0.5,0.9,"ND",2.8,1137.5,2.9,0,"ND",,,
"A.O.A Muy bajos en grasa","Aguayón",30,"g",30,30,42,6.3,1.9,0,18.6,1.8,1.8,0.7,18.9,5.9,,,
"A.O.A Muy bajos en grasa","Aguayón de res",30,"g",30,30,42,6.4,1.9,0,18.6,1.8,1.8,0.7,18.9,5.9,,,
"A.O.A Muy bajos en grasa","Ahuahutle seco",10,"g",10,10,39,7.8,0.4,0.2,"ND","ND",10.4,1,"ND","ND",,,
"A.O.A Muy bajos en grasa","Alce crudo",35,"g",35,35,36,7,0.3,0,20.7,0,1.8,1.1,22.8,3.4,,,
"A.O.A Muy bajos en grasa","Almeja chirla",50,"g",50,50,41,7.4,0.4,0.7,15.5,0,"ND",1.7,18,12.2,,,
"A.O.A Muy bajos en grasa","Almeja cruda mediana sin concha",4,"pieza",58,58,43,7.4,0.6,1.5,19.8,52.2,26.6,8.1,32.8,14.1,,,
"A.O.A Muy bajos en grasa","Almeja fresca sin concha",4,"pieza",58,58,43,7.4,0.6,1.5,19.8,52.2,26.6,8.1,32.8,14.1,,,
"A.O.A Muy bajos en grasa","Alón de pollo sin piel",1,"pieza",55,29,37,6.4,1,0,16.6,5.2,3.8,0.3,23.6,5.2,,,
"A.O.A Muy bajos en grasa","Anchoa fresca",30,"g",30,30,39,6.1,1.4,0,18,4.6,44.1,1,31.1,11,,,
"A.O.A Muy bajos en grasa","Anillos de calamar",0.25,"taza",38,38,34,5.9,0.5,1.2,87.4,3.8,11.9,0.3,16.3,16.8,,,
"A.O.A Muy bajos en grasa","Armadillo",30,"g",30,21,35,6.1,1.1,0,"ND","ND",6.3,2.3,"ND","ND",,,
"A.O.A Muy bajos en grasa","Arrachera de avestruz",40,"g",40,40,36,8.2,0.4,0,24,"ND","ND","ND",32,7.9,,,
"A.O.A Muy bajos en grasa","Atún blanco en agua (drenado)",0.333333333333333,"lata",33,33,43,7.9,1,0,14.1,2,4.7,0.3,125.7,21.9,,,
"A.O.A Muy bajos en grasa","Atún en agua drenado",0.333333333333333,"lata",33,33,39,8.5,0.3,0,10,5.7,3.7,0.5,112.7,26.8,,,
"A.O.A Muy bajos en grasa","Atún fresco",30,"g",30,30,43,7,1.5,0,11.3,196.6,2.5,0.3,11.6,11,,,
"A.O.A Muy bajos en grasa","Atún horneado",20,"g",20,20,37,6,1.3,0,9.9,151.4,2,0.3,10,9.4,,,
"A.O.A Muy bajos en grasa","Atún lihgt (drenado)",0.333333333333333,"lata",33,33,39,8.5,0.3,0,10,5.7,3.7,0.5,112.7,26.8,,,
"A.O.A Muy bajos en grasa","Bacalao enlatado",35,"g",35,35,37,8,0.3,0,19.3,4.9,7.4,0.2,76.3,3,,,
"A.O.A Muy bajos en grasa","Bacalao fresco",45,"g",45,45,37,8,0.3,0,19.4,5.3,7.4,0.2,24.4,14.9,,,
"A.O.A Muy bajos en grasa","Bacalao noruego",15,"g",15,15,44,9.4,0.4,0,22.8,6.4,24,0.4,1054.1,22.2,,,
"A.O.A Muy bajos en grasa","Bacalao seco",15,"g",15,15,44,9.4,0.4,0,22.8,6.4,24,0.4,1054.1,22.2,,,
"A.O.A Muy bajos en grasa","Bagre",80,"g",80,40,38,7,1.1,0,30,"ND",12.8,0.2,24,5.6,,,
"A.O.A Muy bajos en grasa","Bagre fileteado",40,"g",40,40,38,7,1.1,0,30,"ND",12.8,0.2,24,5.6,,,
"A.O.A Muy bajos en grasa","Bistec",30,"g",30,30,36,7.2,0.8,0,14.1,41.7,2.7,0.53,18,5.7,,,
"A.O.A Muy bajos en grasa","Bistec de res",30,"g",30,30,36,7.2,0.8,0,14.1,41.7,2.7,0.5,18,5.7,,,
"A.O.A Muy bajos en grasa","Bola de ternera",35,"g",35,35,41,7.3,1.1,0,27.3,0,1.8,0.3,22.1,3.2,,,
"A.O.A Muy bajos en grasa","Boquerón crudo",45,"g",45,36,41,6.4,1.7,0,"ND",0,203.8,0.4,"ND",5,,,
"A.O.A Muy bajos en grasa","Boquilla, crudo",75,"g",75,38,31,7.5,0.1,0,"ND","ND",3.8,"ND","ND",5.4,,,
"A.O.A Muy bajos en grasa","Cabeza de pescado",400,"g",400,40,40,8.2,0.5,0,14.6,12.2,12.7,0.1,25.4,5.6,,,
"A.O.A Muy bajos en grasa","Cabrilla",75,"g",75,38,31,7.7,0,0,"ND","ND",5.7,0,"ND",5.4,,,
"A.O.A Muy bajos en grasa","Cabrito",25,"g",25,25,36,6.8,0.8,0,18.8,0,4.3,0.9,21.5,9.5,,,
"A.O.A Muy bajos en grasa","Calamar americano",45,"g",45,45,41,7,0.6,1.4,104.8,4.5,14.3,0.3,19.6,20.2,,,
"A.O.A Muy bajos en grasa","Calamar crudo",45,"g",45,45,41,7,0.6,1.4,104.8,4.5,14.3,0.3,19.6,20.2,,,
"A.O.A Muy bajos en grasa","Calamar fresco entero",45,"g",45,45,41,7,0.6,1.4,104.8,4.5,14.3,0.3,19.6,20.2,,,
"A.O.A Muy bajos en grasa","Calamar fresco limpio",45,"g",45,45,42,8.1,0.6,1.4,104.8,4.5,14.3,0.3,19.6,20.2,,,
"A.O.A Muy bajos en grasa","Camarón 16-20",2,"pieza",50,40,34,7.1,0.7,0.4,60.7,21.6,20.7,1,59.3,15.2,,,
"A.O.A Muy bajos en grasa","Camarón cocido",5,"pieza",34,34,38,7.3,0.4,0,66.3,23.1,13.3,1.1,76.2,13.5,,,
"A.O.A Muy bajos en grasa","Camarón crudo mediano",6,"pieza",45,36,40,5,0.6,0.3,54.6,19.5,18.6,0.9,53.4,13.7,,,
"A.O.A Muy bajos en grasa","Camarón de surimi",40,"g",40,40,32,6.5,0.6,3.7,14.4,8,7.6,0.2,282,9.2,,,
"A.O.A Muy bajos en grasa","Camarón enlatado",0.25,"taza",32,32,42,8.1,0.4,0,80.6,0,46.4,0.7,248.6,15.2,,,
"A.O.A Muy bajos en grasa","Camarón gigante",2,"pieza",50,40,38,7.3,0.7,0.4,60.7,21.6,20.7,1,59.3,15.2,,,
"A.O.A Muy bajos en grasa","Camarón pacotilla",6,"pieza",36,36,33,7.5,0.6,0.3,54.7,19.4,18.7,0.9,53.3,13.7,,,
"A.O.A Muy bajos en grasa","Camarón seco",10,"g",10,9,33,7.5,0.2,0.5,"ND",1.4,61.6,0.4,220.5,3.6,,,
"A.O.A Muy bajos en grasa","Camarón seco salado",10,"g",10,9,42,8.1,0.2,0.5,"ND",1.4,61.6,0.4,220.5,3.6,,,
"A.O.A Muy bajos en grasa","Camarón U15",2,"pieza",50,40,37,7.6,0.7,0.4,60.7,21.6,20.7,1,59.3,15.2,,,
"A.O.A Muy bajos en grasa","Cangrejo",2,"pieza",42,42,41,8.1,0.4,0,32.6,1,37.6,0.3,123,15.7,,,
"A.O.A Muy bajos en grasa","Cangrejp cocido",40,"g",40,40,41,8.1,0.7,0,40,0.9,41.4,0.4,111.5,16.1,,,
"A.O.A Muy bajos en grasa","Cangrejo de Alaska",40,"g",40,40,41,8.1,0.7,0,40,2.8,18.4,0.2,334.6,14.6,,,
"A.O.A Muy bajos en grasa","Cangrejo de Alaska cocido",40,"g",40,40,41,8.1,"0.7.",0,"40.0.",3.8,23.5,0.3,428.8,16,,,
"A.O.A Muy bajos en grasa","Cangrejo enlatado",0.25,"taza",34,34,33,6.9,0.4,0,30.2,0.8,34.1,0.3,112.4,10.7,,,
"A.O.A Muy bajos en grasa","Carne de alce cocida",25,"g",25,25,34,7.3,0.2,0,19.5,0,1.5,1.1,17.3,3.2,,,
"A.O.A Muy bajos en grasa","Carne de armadillo",35,"g",35,25,40,7.1,1.3,0,"ND","ND","ND","ND","ND","ND",,,
"A.O.A Muy bajos en grasa","Carne de avestruz",35,"g",35,35,31,7.1,0.4,0,21,0,"ND",0,28,6.6,,,
"A.O.A Muy bajos en grasa","Carne de faisám cruda sin  piel",35,"g",35,30,40,7.1,1.1,0,19.9,15.1,3.9,0.3,11.1,4.9,,,
"A.O.A Muy bajos en grasa","carne de jaiba",40,"g",40,40,39,7,1,0.4,60,"ND",18,0.3,40,"ND",,,
"A.O.A Muy bajos en grasa","Carne de res seca",11,"g",11,11,43,7.1,1.6,0.1,"ND",0,10.2,1.1,381.8,"ND",,,
"A.O.A Muy bajos en grasa","Carne de venado cruda",30,"g",30,27,42,5.9,1.9,0,21.6,0,3,0.8,20.3,2.7,,,
"A.O.A Muy bajos en grasa","Carne molida de pavo",30,"g",30,30,33,6.7,0.4,0,12.9,0,"1.4.",0.1,430,9.9,,,
"A.O.A Muy bajos en grasa","Carne molida de pollo",30,"g",30,30,34,7,0.5,0,17.4,2.4,3.6,0.2,20.4,5.3,,,
"A.O.A Muy bajos en grasa","Carne obscura de pollo cruda",30,"g",30,30,38,6,1.3,0,24,6.6,3.6,0.3,25.5,4.1,,,
"A.O.A Muy bajos en grasa","Cazón",60,"g",60,32,42,6.8,1.4,0,16.4,22.7,11.1,0.3,25.5,11.8,,,
"A.O.A Muy bajos en grasa","Cazón fileteado",33,"g",33,33,43,6.9,1.5,0,16.7,23.1,11.3,0.3,26,12,,,
"A.O.A Muy bajos en grasa","Cecina",25,"g",25,25,40,6,1.6,0.2,17.5,0.6,8.8,1.1,275,4.7,,,
"A.O.A Muy bajos en grasa","Cecina enchilada",25,"g",25,25,40,6,1.6,0.2,17.5,0.6,8.8,1.1,275,7.1,,,
"A.O.A Muy bajos en grasa","Chambarete",35,"g",35,33,42,6.8,1.6,0,15.6,46.2,3,0.6,20,6.6,,,
"A.O.A Muy bajos en grasa","Chambarete de res",35,"g",35,33,42,6.8,1.6,0,15.6,46.2,3,0.6,20,6.6,,,
"A.O.A Muy bajos en grasa","Charales frescos",30,"g",30,27,43,6.8,1.6,0.3,"ND","ND",637.2,"ND","ND",3.8,,,
"A.O.A Muy bajos en grasa","Charales secos",15,"g",15,12,38,8.2,0.5,0.3,"ND","ND",480.6,"ND","ND",3.4,,,
"A.O.A Muy bajos en grasa","Cherna",70,"g",70,38,32,7.3,0.3,0,"ND",18.9,2.6,"ND","ND",5.3,,,
"A.O.A Muy bajos en grasa","Chipirón (calamar) crudo",45,"g",45,45,41,7,0.6,1.4,104.6,4.5,14.3,0.3,19.6,20.2,,,
"A.O.A Muy bajos en grasa","Chuleta ahumada",0.5,"pieza",40,34,34,6.1,1,0.1,17.7,0,3,0.4,456.8,9.7,,,
"A.O.A Muy bajos en grasa","Clara de huevo",2,"pieza",66,66,32,7.2,0.1,0.5,0,"ND",4.6,0.1,109.6,13.2,,,
"A.O.A Muy bajos en grasa","Clara de huevo en polvo",1.5,"cucharada",10,10,38,8.1,0,0.8,0,0,6.2,0,158.4,12.5,,,
"A.O.A Muy bajos en grasa","Corazón de puerco cocido",25,"g",25,25,37,5.9,1.3,0.1,55.2,1.7,1.7,1.5,8.7,4.6,,,
"A.O.A Muy bajos en grasa","Corazón de  puerco crudo",35,"g",35,35,41,6,1.5,0.5,45.9,2.8,1.8,1.6,19.6,3.6,,,
"A.O.A Muy bajos en grasa","Corazón de  res cocido",25,"g",25,25,41,7.1,1.2,0,53,0,1.3,1.6,14.8,9.7,,,
"A.O.A Muy bajos en grasa","Corazón de res crudo",38,"g",38,38,43,6.7,1.5,0.1,47.1,0,2.7,1.6,37.2,8.3,,,
"A.O.A Muy bajos en grasa","Corazón de ternera cocido",20,"g",20,20,37,5.8,1.4,0,35.2,0,1.6,0.9,11.6,10.5,,,
"A.O.A Muy bajos en grasa","Corazón de ternera crudo",40,"g",40,40,44,6.9,1.6,0,41.6,0,2,1.7,30.8,13.3,,,
"A.O.A Muy bajos en grasa","Cuete",45,"g",45,43,41,7.3,1.3,1.3,20.1,55.6,3.8,0.8,25.7,12.2,,,
"A.O.A Muy bajos en grasa","Cuete de res",45,"g",45,43,41,7.3,1.3,1.3,20.1,55.6,3.8,0.8,25.7,12.2,,,
"A.O.A Muy bajos en grasa","Empuje",33,"g",33,33,37,7.4,0.6,0,15.5,45.9,3,0.6,19.8,6.2,,,
"A.O.A Muy bajos en grasa","Empuje de res",33,"g",33,33,37,7.4,0.6,0,15.5,45.9,3,0.6,19.8,6.2,,,
"A.O.A Muy bajos en grasa","Escalopa de res",30,"g",30,30,34,7.2,0.3,0,14.1,83.4,2.7,0.5,18,5.7,,,
"A.O.A Muy bajos en grasa","Escamoles",18,"g",18,18,32,8.1,0,0,0,0,"ND",0,0,0,,,
"A.O.A Muy bajos en grasa","Extraviado",80,"g",80,41,34,7.9,0.3,0,"ND",20.4,2.9,"ND","ND",5.7,,,
"A.O.A Muy bajos en grasa","Extraviado fileteado",41,"g",41,41,34,7.9,0.3,0,"ND",20.5,2.9,"ND","ND",5.7,,,
"A.O.A Muy bajos en grasa","Fajitas de pollo sin piel cruda",30,"g",30,30,36,6.2,1,0,23.1,5.1,3.3,0.3,26.4,4.1,,,
"A.O.A Muy bajos en grasa","Falda",35,"g",35,33,35,7.4,0.6,0,15.6,46.2,3,0.6,20,6,,,
"A.O.A Muy bajos en grasa","Falda abierta",35,"g",35,33,35,7.4,0.6,0,15.6,46.2,3,0.6,20,6,,,
"A.O.A Muy bajos en grasa","Falda de res",35,"g",35,33,35,7.4,0.6,0,15.6,46.2,3,0.6,20,6,,,
"A.O.A Muy bajos en grasa","Filete de bandera crudo",40,"g",40,40,36,7.5,0.5,0,19.2,4,7.1,0.1,32.4,13.1,,,
"A.O.A Muy bajos en grasa","Filete de calamar crudo",45,"g",45,45,41,7,0.6,1.4,104.8,4.5,14.3,0.3,19.6,20.2,,,
"A.O.A Muy bajos en grasa","Filete de cazón crudo",30,"g",30,30,39,6.3,1.3,0,15.2,21.2,10.2,0.3,23.6,4.2,,,
"A.O.A Muy bajos en grasa","Filete de extraviado",40,"g",40,40,34,7.7,0.3,0,"ND",20,2.8,"ND","ND",5.6,,,
"A.O.A Muy bajos en grasa","Filete de guachinando, pargo",35,"g",35,35,35,7.2,0.5,0,13,10.5,11.1,0.1,22.2,13.4,,,
"A.O.A Muy bajos en grasa","Filete de guachinando, pargo",35,"g",35,35,35,7.2,0.5,0,13,10.5,11.1,0.1,22.2,13.4,,,
"A.O.A Muy bajos en grasa","Filete de lenguado",45,"g",35,35,35,7.5,0.5,0,20.7,4.5,5.4,0.4,35.1,6.3,,,
"A.O.A Muy bajos en grasa","Filete de merluza",45,"g",45,45,34,7.5,0.5,0,20.7,4.5,5.4,0.4,35.1,6.3,,,
"A.O.A Muy bajos en grasa","Filete de mero",40,"g",40,40,34,7.7,0.3,0,"ND",20,2.8,"ND","ND",5.6,,,
"A.O.A Muy bajos en grasa","Filete de mojarra",40,"g",40,40,40,7.7,1.1,0,"ND",2,6,0.3,"ND",5.6,,,
"A.O.A Muy bajos en grasa","Filete de pescado",40,"g",40,40,36,7.5,0.5,0,19.2,4,7.1,0.1,32.4,13.1,,,
"A.O.A Muy bajos en grasa","Filete de pescado blanco del Nilo",40,"g",40,40,36,7.2,0.6,0.4,6,20,4.8,0.1,10,5.6,,,
"A.O.A Muy bajos en grasa","Filete de res",30,"g",30,30,36,7.2,0.8,0,14.1,41.7,2.7,0.5,18,5.7,,,
"A.O.A Muy bajos en grasa","Filete de robalo",40,"g",40,40,35,7.6,0.3,0,22.6,6.6,13.2,0.4,27.3,5.6,,,
"A.O.A Muy bajos en grasa","Filete de venado",40,"g",40,36,45,7.6,1.4,0,40.3,0,3.6,1.6,32.4,3.2,,,
"A.O.A Muy bajos en grasa","Filete mignón",0.25,"pieza",30,30,36,7.2,0.8,0,14.1,41.7,2.7,0.5,18,5.7,,,
"A.O.A Muy bajos en grasa","Filete miñón",0.25,"pieza",30,30,36,7.2,0.8,0,14.1,41.7,2.7,0.5,18,5.7,,,
"A.O.A Muy bajos en grasa","Filete tampiqueña",0.25,"pieza",30,30,36,7.2,0.8,0,14.1,41.7,2.7,0.5,18,5.7,,,
"A.O.A Muy bajos en grasa","Gallinita de guinea con piel",30,"g",30,25,39,5.8,1.6,0,18.4,7,2.7,0.2,16.7,4.1,,,
"A.O.A Muy bajos en grasa","Gallinita de guinea sin piel",55,"g",55,35,38,7.2,0.9,0,21.8,4.2,3.8,0.3,23.9,6.1,,,
"A.O.A Muy bajos en grasa","Guachinango",70,"g",70,36,36,7.3,0.5,0,13.2,10.7,11.3,0.1,22.7,13.6,,,
"A.O.A Muy bajos en grasa","Guachinango cocido",28,"g",28,28,36,7.4,0.5,0,13.2,9.9,11.2,0.1,16,13.7,,,
"A.O.A Muy bajos en grasa","Guachinando crudo fileteado",35,"g",35,35,35,7.2,0.5,0,13,10.5,11.1,0.1,22.2,13.4,,,
"A.O.A Muy bajos en grasa","Gurrubata cruda",80,"g",80,41,41,7.3,1.3,0,24.9,7.3,"ND","ND",35.5,5.7,,,
"A.O.A Muy bajos en grasa","Halibut cocido",27,"g",27,27,38,7.2,0.8,0,11.1,14.6,16.2,0.3,18.7,12.6,,,
"A.O.A Muy bajos en grasa","Huachinango crudo fileteado",35,"g",35,35,35,7.2,0.5,0,13,10.5,11.1,0.1,22.2,13.4,,,
"A.O.A Muy bajos en grasa","Huachinango cocido",28,"g",28,28,36,7.4,0.5,0,13.2,9.9,11.2,0.1,16,13.7,,,
"A.O.A Muy bajos en grasa","Huachinango crudo   ",70,"g",70,36,36,7.3,0.5,0,13.2,10.7,11.3,0.1,22.7,13.6,,,
"A.O.A Muy bajos en grasa","Huevo de iguana",65,"g",65,58,37,7.2,0.6,0,0,245.9,248.2,8.8,0,0,,,
"A.O.A Muy bajos en grasa","Iguana",100,"g",100,30,35,7.3,0.3,0,"ND",67.5,7.5,1,"ND","ND",,,
"A.O.A Muy bajos en grasa","Isabelita",70,"g",70,36,30,7.4,0.1,0,"ND","ND",4.4,"ND","ND",5.1,,,
"A.O.A Muy bajos en grasa","Jaiba cocida desmenuzada",0.333333333333333,"taza",47,47,39,8.1,0.6,0,36.4,303.8,20.1,0.4,19.1,6.5,,,
"A.O.A Muy bajos en grasa","jaiba cocida entera",75,"g",75,40,34,7,0.5,0,31.5,263.3,17.4,0.3,16.6,5.7,,,
"A.O.A Muy bajos en grasa","jaiba cruda",40,"g",40,40,39,7,1,0.4,60,"ND",18,0.3,40,"ND",,,
"A.O.A Muy bajos en grasa","Jorobado, lamparosa",70,"g",70,36,34,7.4,0.5,0,"ND","ND",4.6,"ND","ND",5,,,
"A.O.A Muy bajos en grasa","Jugo de almeja",7,"taza",1680,1680,35,7,0.3,1.4,49,154,217,5,3612,68.9,,,
"A.O.A Muy bajos en grasa","Langosta",100,"g",100,40,36,7.5,0.4,0.2,38,8.5,19.3,0.1,118.6,16.6,,,
"A.O.A Muy bajos en grasa","Langosta cocida",35,"g",35,35,34,7.2,0.2,0.5,25.1,9.1,21.4,0.1,133,14.9,,,
"A.O.A Muy bajos en grasa","langostino",110,"g",110,50,34,7.2,0.6,0,78.2,"ND",3.8,0.7,181.2,19.8,,,
"A.O.A Muy bajos en grasa","Lenguado",90,"g",90,45,34,7.5,0.5,0,20.7,4.5,5.4,0.4,35.1,6.3,,,
"A.O.A Muy bajos en grasa","Lenguado fileteado",45,"g",45,45,34,7.5,0.5,0,20.7,4.5,5.4,0.4,35.1,6.3,,,
"A.O.A Muy bajos en grasa","Liebre",50,"g",50,33,44,6.8,1.6,0,21.1,"ND",3.9,1,14,12.5,,,
"A.O.A Muy bajos en grasa","Lisa, churra, cabezuda",70,"g",70,36,40,7,1.3,0,17.5,"ND",9.3,0.6,28.9,5,,,
"A.O.A Muy bajos en grasa","Lomo canadiense",3,"rebanada",45,45,45,8,1.4,0.4,23.5,0,3.9,0.5,604.6,12.8,,,
"A.O.A Muy bajos en grasa","Lomo de venado",40,"g",40,36,42,7.3,1.2,0,28.8,0,6.1,0.3,32.8,3.2,,,
"A.O.A Muy bajos en grasa","Machaca",0.333333333333333,"sobre",13,13,44,6,1.2,0,21.4,"ND","ND","ND",252.3,"ND",,,
"A.O.A Muy bajos en grasa","Machacado de res",15,"g",15,15,50,6.7,1.3,0,24.1,"ND","ND","ND",283.8,"ND",,,
"A.O.A Muy bajos en grasa","Maciza de res",25,"g",25,25,35,5.2,1.6,0,15.5,1.5,1.5,0.6,15.8,4.7,,,
"A.O.A Muy bajos en grasa","Maciza de res en trozo",25,"g",25,25,35,5.2,1.6,0,15.5,1.5,1.5,0.6,15.8,4.7,,,
"A.O.A Muy bajos en grasa","Medallón de filete",0.25,"pieza",30,30,36,7.2,0.8,0,14.1,41.7,2.7,0.5,18,5.7,,,
"A.O.A Muy bajos en grasa","Medallón de filete de res",30,"g",30,30,36,7.2,0.8,0,14.1,41.7,2.7,0.5,18,5.7,,,
"A.O.A Muy bajos en grasa","Mejillones  sin concha cocidos",25,"g",25,25,43,5.9,1.1,1.9,14.1,22.6,8.2,1.7,92.4,22.4,,,
"A.O.A Muy bajos en grasa","Mejillones  sin concha crudos",0.333333333333333,"taza",50,50,43,5.9,1.1,1.8,13.9,23.8,12.9,2,141.6,22.2,,,
"A.O.A Muy bajos en grasa","Menudencia de pollo cruda",35,"g",35,35,43,6.3,1.6,0.6,91.7,930,3.5,2.1,27,19.3,,,
"A.O.A Muy bajos en grasa","Menudencias de pavo",25,"g",25,25,42,6.7,1.3,0.5,104.5,448.8,3.3,1.7,14.8,23.4,,,
"A.O.A Muy bajos en grasa","Menudencias de pollo cocidas",25,"g",25,25,40,6.8,1.1,0.1,110.5,438.3,3.5,1.8,16.8,14.9,,,
"A.O.A Muy bajos en grasa","Merluza",85,"g",85,43,33,7.2,0.4,0,19.9,4.3,5.2,0.3,33.8,6.1,,,
"A.O.A Muy bajos en grasa","Merluza fileteada",45,"g",45,45,34,7.5,0.5,0,20.7,4.5,5.4,0.4,35.1,6.3,,,
"A.O.A Muy bajos en grasa","Mero cocido",30,"g",30,30,35,7.5,0.4,0,14.1,15,6.3,0.3,15.9,14,,,
"A.O.A Muy bajos en grasa","Mero crudo",80,"g",80,41,34,7.9,0.3,0,"ND",20.4,2.9,"ND","ND",5.7,,,
"A.O.A Muy bajos en grasa","Mero crudo fileteado",40,"g",40,40,34,7.7,0.3,0,"ND",20,2.8,"ND","ND",5.6,,,
"A.O.A Muy bajos en grasa","Milanesa de avestruz",35,"g",35,35,31,7.1,0.4,0,21,"ND","ND","ND","ND",6.6,,,
"A.O.A Muy bajos en grasa","Milanesa de pollo",30,"g",30,30,34,7,0.5,0,17.4,2.4,3.6,0.2,20.4,5.3,,,
"A.O.A Muy bajos en grasa","Milanesa de res",30,"g",30,30,36,7.2,0.8,0,14.1,41.7,2.7,0.5,18,5.7,,,
"A.O.A Muy bajos en grasa","Mojarra cruda fileteada",35,"g",35,35,34,7,0.6,0,17.5,0,3.5,0.2,18.2,14.6,,,
"A.O.A Muy bajos en grasa","Mojarra tilapia cruda",0.333333333333333,"pieza",73,37,35,7.4,0.6,0,18.3,0,3.7,0.2,19.1,15.3,,,
"A.O.A Muy bajos en grasa","Molida de pollo",30,"g",30,30,34,7,0.5,0,17.4,2.4,3.6,0.2,20.4,3.6,,,
"A.O.A Muy bajos en grasa","Molleja de pollo cocida",25,"g",25,25,37,7.6,0.7,0,92.5,0,4.3,0.8,14,10.3,,,
"A.O.A Muy bajos en grasa","Pancita de res",45,"g",45,43,40,6.2,1.7,0,40.6,9,25.7,0.9,19.7,5.3,,,
"A.O.A Muy bajos en grasa","Pargo",70,"g",70,36,37,7.5,0.7,0,15.7,"ND",6.1,0.3,23.9,5,,,
"A.O.A Muy bajos en grasa","Pargo fileteado",35,"g",35,35,36,7.4,0.7,0,15.4,"ND",6,0.3,23.5,4.9,,,
"A.O.A Muy bajos en grasa","Pata de res",120,"g",120,55,44,6.7,1.6,0,"ND","ND",55.8,1.1,"ND","ND",,,
"A.O.A Muy bajos en grasa","Pechuga de pavo",1.5,"rebanada",32,32,35,7.1,0.5,0,13.5,0,1.5,0.1,451.5,9.7,,,
"A.O.A Muy bajos en grasa","Pechuga de pavo ahumada",1.5,"rebanada",34,34,32,6.7,0.3,0.5,15,0,5.3,0.5,402.8,9.8,,,
"A.O.A Muy bajos en grasa","Pechuga de pavo ahumada bajo en grasa",2,"rebanada",42,42,33,6.3,0.2,1.5,12.9,0,4,0.3,459.6,12.2,,,
"A.O.A Muy bajos en grasa","Pechuda de pollo sin pile aplanada",30,"g",30,30,48,8.7,1.2,0,23.1,2.4,3.9,0.3,19.5,6.7,,,
"A.O.A Muy bajos en grasa","Pechuga de pollo ahumada",2,"rebanada",42,42,33,6.9,0.1,1.1,15,0,1,0.1,452,10.9,,,
"A.O.A Muy bajos en grasa","Pechuga de pollo deshuesada sin piel cruda",30,"g",30,30,34,7,0.5,0,17.4,2.4,3.6,0.2,20.4,5.3,,,
"A.O.A Muy bajos en grasa","Pechuga de pollo sin piel ",30,"g",30,27,31,6.3,0.4,0,15.7,2.2,3.2,0.2,18.4,4.8,,,
"A.O.A Muy bajos en grasa","Pechuga de pollo sin piel a la plancha",30,"g",30,30,48,8.7,1.2,0,23.1,2.4,3.9,0.3,19.5,6.7,,,
"A.O.A Muy bajos en grasa","Pechuga de pollo sin piel asada",30,"g",30,30,48,8.7,1.2,0,23.1,2.4,3.9,0.3,19.5,6.7,,,
"A.O.A Muy bajos en grasa","Pechuga de pollo sin piel cocida",30,"g",30,30,48,8.7,1.2,0,23.1,2.4,3.9,0.3,19.5,6.7,,,
"A.O.A Muy bajos en grasa","Pechuga de pollo sin piel cruda",40,"g",40,34,39,7.9,0.6,0,19.7,2.7,4.1,0.2,23.1,6.1,,,
"A.O.A Muy bajos en grasa","Pechuga de pollo sin piel en brocheta cruda",30,"g",30,30,34,7,0.5,0,17.4,2.4,3.6,0.2,20.4,5.3,,,
"A.O.A Muy bajos en grasa","Pechuga de pollo sin piel en fajitas cruda",30,"g",30,30,34,7,0.5,0,17.4,2.4,3.6,0.2,20.4,5.3,,,
"A.O.A Muy bajos en grasa","Pechuga de pollo sin piel horneada rebanada",2,"rebanada",42,42,41,8.2,0.3,1.6,21.5,0,3.7,0.5,479.7,11,,,
"A.O.A Muy bajos en grasa","Pechuga de pollo sin piel molida cruda",30,"g",30,30,34,7,0.5,0,17.4,2.4,3.6,0.2,20.4,5.3,,,
"A.O.A Muy bajos en grasa","Pechuga sin piel deshebrada",30,"g",30,30,34,7,0.5,0,17.4,2.4,3.6,0.2,20.4,5.3,,,
"A.O.A Muy bajos en grasa","Pechuga sin piel desmenuzada",30,"g",30,30,34,7,0.5,0,17.4,2.4,3.6,0.2,20.4,5.3,,,
"A.O.A Muy bajos en grasa","Pechuga sin pile molida",30,"g",30,30,34,7,0.5,0,17.4,2.4,3.6,0.2,20.4,5.3,,,
"A.O.A Muy bajos en grasa","Perca cocida ",30,"g",30,30,35,7.4,0.4,0,34.6,3,30.7,0.3,23.6,4.8,,,
"A.O.A Muy bajos en grasa","Perca cruda",75,"g",38,38,35,7.4,0.4,0,34.4,3.6,30.6,0.3,23.9,4.8,,,
"A.O.A Muy bajos en grasa","Perca fileteada",38,"g",38,38,34,7.4,0.4,0,34.2,3.6,30.4,0.3,23.7,4.8,,,
"A.O.A Muy bajos en grasa","Pescado blanco ahumado",32,"g",32,32,35,7.5,0.3,0,10.5,18.2,5.6,0.2,326.1,4.3,,,
"A.O.A Muy bajos en grasa","Pescado en trozo",75,"g",75,39,35,7.3,0.5,0,18.7,3.9,6.9,0.1,31.6,12.8,,,
"A.O.A Muy bajos en grasa","Pescado entero",75,"g",75,39,35,7.3,0.5,0,18.7,3.9,6.9,0.1,31.6,12.8,,,
"A.O.A Muy bajos en grasa","Pescado fileteado",40,"g",40,40,36,7.5,0.5,0,19.2,4,7.1,0.1,32.4,13.1,,,
"A.O.A Muy bajos en grasa","Pescado rebenado",75,"g",75,39,35,7.3,0.5,0,18.7,3.9,6.9,0.1,31.6,12.8,,,
"A.O.A Muy bajos en grasa","Pescado seco tipo bacalao",13,"g",13,12,34,7.4,0.3,0,17.8,5,18.7,0.3,822.2,17.3,,,
"A.O.A Muy bajos en grasa","Pez espada cocido",28,"g",28,28,43,7.1,1.4,0,14,11.5,1.6,0.3,32.3,17.3,,,
"A.O.A Muy bajos en grasa","Pez espada crudo",55,"g",55,36,43,7.1,1.4,0,13.9,13,1.3,0.3,32.2,17.2,,,
"A.O.A Muy bajos en grasa","Pez espada crudo fileteado",38,"g",38,36,44,7.1,1.4,0,14,13.2,1.3,0.3,32.5,17.4,,,
"A.O.A Muy bajos en grasa","Pez espada crudo rebanado",55,"g",55,36,43,7.1,1.4,0,13.9,13,1.3,0.3,32.2,17.2,,,
"A.O.A Muy bajos en grasa","Pollo crudo sin piel",40,"g",40,26,48,4.6,3.1,0,21.2,10.5,2.8,0.2,17.9,6,,,
"A.O.A Muy bajos en grasa","Pollo crudo sin piel en piezas",40,"g",40,26,49,4.7,3.2,0,21.6,9.4,2.6,0.3,20.5,6.1,,,
"A.O.A Muy bajos en grasa","Pollo deshebrado",0.25,"taza",38,38,43,8.7,0.6,0,21.8,30,4.5,0.3,25.5,2.1,,,
"A.O.A Muy bajos en grasa","Pollo sin piel cocido",30,"g",30,30,48,8.7,1.2,0,23.1,2.4,3.9,0.3,19.5,6.7,,,
"A.O.A Muy bajos en grasa","Proteina aislada de soya",10,"g",10,10,34,8.1,0.3,0.7,1.6,28,17.8,1.5,100.5,0.1,,,
"A.O.A Muy bajos en grasa","Proteina concentrda de soya",10,"g",10,10,33,5.8,0,3.1,0,0,36.3,1.1,0.3,0.1,,,
"A.O.A Muy bajos en grasa","Pulmón de cerdo",55,"g",55,48,41,6.7,1.3,0,153.1,0,3.3,9,73.2,8.5,,,
"A.O.A Muy bajos en grasa","Pulpa de jaiba",0.333333333333333,"taza",46,46,38,8,0.6,0,36,300.8,19.9,0.4,18.9,6.5,,,
"A.O.A Muy bajos en grasa","Pulpo cocido",25,"g",25,25,41,7.5,0.5,1.1,24.1,22.5,26.5,2.4,115,22.4,,,
"A.O.A Muy bajos en grasa","Pilopo crudo",45,"g",45,45,37,6.7,0.5,1,21.7,20.1,23.8,2.4,103.5,20.2,,,
"A.O.A Muy bajos en grasa","Puntas de filete",30,"g",30,30,36,7.2,0.8,0,14.1,41.7,2.7,0.5,18,5.7,,,
"A.O.A Muy bajos en grasa","Puntas de res",30,"g",30,30,36,7.2,0.8,0,14.1,41.7,2.7,0.5,18,5.7,,,
"A.O.A Muy bajos en grasa","Queso Cotagge Lala Light",30,"g",30,30,35,6.5,0.5,1,"ND","ND","ND","ND",200,"ND",,,
"A.O.A Muy bajos en grasa","Queso cottage",3,"cucharada",48,48,43,6.6,0.9,1.7,4,10.1,32.9,0.1,195,4.9,,,
"A.O.A Muy bajos en grasa","Queso cottage 1% grasa",0.5,"taza",57,57,41,7,0.6,1.5,2.5,6.3,34.5,0.1,229.5,5.1,,,
"A.O.A Muy bajos en grasa","Queso cottage 2% grasa",3,"cucharada",48,48,43,6.6,0.9,1.7,4,10.1,32.9,0.1,195,4.9,,,
"A.O.A Muy bajos en grasa","Queso cottage bajo en grasa",0.25,"taza",57,57,41,7,0.6,1.5,2.5,6.3,34.5,0.1,229.5,5.1,,,
"A.O.A Muy bajos en grasa","Queso Mozzarella cero grasa",1,"rebanada",28,28,39,8.9,0,1,5,36,26.9,0.1,208,0,,,
"A.O.A Muy bajos en grasa","Queso suizo muy bajo en grasa",1,"rebanada",28,28,50,8,1.4,1,10,11,26.9,0.1,73,0,,,
"A.O.A Muy bajos en grasa","Retazo de pescado crudo",350,"g",350,35,35,7.2,5,0,12.8,10.7,11.1,0.1,22.2,4.9,,,
"A.O.A Muy bajos en grasa","Riñones de carnero crudos",40,"g",40,36,39,6.5,1.2,0.3,135,108,14.4,1.5,0,78.8,,,
"A.O.A Muy bajos en grasa","Riñones de cerdo cocidos",28,"g",28,28,42,7.1,1.3,0,134.4,21.8,3.6,1.5,22.4,87.2,,,
"A.O.A Muy bajos en grasa","Riñones de res cocidos",25,"g",25,25,40,6.8,1.2,0,179,0,4.8,1.5,23.5,42,,,
"A.O.A Muy bajos en grasa","Riñones de ternera cocidos",25,"g",25,25,41,6.6,1.4,0,197.8,50.3,7.3,0.8,27.5,25,,,
"A.O.A Muy bajos en grasa","Roast beef",2.5,"rebanada",33,33,36,6.6,0.9,0.5,15.6,0,1.9,0.6,328.8,6.4,,,
"A.O.A Muy bajos en grasa","Robalo cocido",30,"g",30,30,34,7.3,0.3,0,22.2,5.6,12.7,0.4,26.1,12.2,,,
"A.O.A Muy bajos en grasa","Robaalo crudo",75,"g",75,38,33,7.2,0.3,0,21.8,6.5,12.6,0.4,26.1,11.6,,,
"A.O.A Muy bajos en grasa","Robalo fileteado",40,"g",40,40,35,7.6,0.3,0,22.8,6.8,13.2,0.4,27.3,12.1,,,
"A.O.A Muy bajos en grasa","Salmón ahumado",35,"g",35,35,41,6.4,1.5,0,8.1,9.1,3.7,0.3,274.4,11.3,,,
"A.O.A Muy bajos en grasa","Sast orugas",65,"g",65,65,35,7,0.8,0,"ND",14.3,35.1,2.7,"ND","ND",,,
"A.O.A Muy bajos en grasa","Surimi",0.666666666666667,"barra",40,40,39,6,0.4,2.7,11.9,7.9,3.7,0.1,56.6,11.1,,,
"A.O.A Muy bajos en grasa","Suirimi imitacion camaron",40,"g",40,40,40,4.9,0.6,3.7,14.6,8,7.5,0.2,282,9.2,,,
"A.O.A Muy bajos en grasa","Tampiqueña",0.25,"pieza",30,30,36,7.2,0.8,0,14.1,41.7,2.7,0.5,18,5.7,,,
"A.O.A Muy bajos en grasa","Tampiqueña de filete",0.25,"pieza",30,30,36,7.2,0.8,0,14.1,41.7,2.7,0.5,18,5.7,,,
"A.O.A Muy bajos en grasa","Trucha fresca",35,"g",35,35,42,7.2,1.2,0,20.6,6.6,23.5,0.2,10.7,,,,
"A.O.A Muy bajos en grasa","Venado cocido    (carne magra)",25,"g",25,23,42,6,1.8,0,22.1,0,3.2,0.8,17.6,2.3,,,
"A.O.A Muy bajos en grasa","Venado crudo         (carne magra)",30,"g",30,27,42,5.9,1.9,0,21.6,0,3,0.8,20.3,2.7,,,
"A.O.A Bajo en grasa","ALIMENTOS","Cantidad sugerida","Unidad","Peso bruto redondeado (g)","Peso neto (g)","Energia (Kcal)","Proteina (g)","Lípidos (g)","Hidratos de carbono (g)","Colesterol (mg)","Vitamina A     (µg RE)","Calcio (mg)","Hierro (mg)","Sodio (mg)","Selenio (mg)",,,
"A.O.A Bajo en grasa","Aguja de res",35,"g",35,33,51,6.8,2.6,0,20.6,77.5,3,0.6,20.9,6.6,,,
"A.O.A Bajo en grasa","Anchoa con aceite",6,"pieza",24,24,50,7,2.6,0,20.4,2.9,55.7,1.1,880.3,16.3,,,
"A.O.A Bajo en grasa","Arenque cocido",25,"g",25,25,51,5.8,2.9,0,19.3,9,18.5,0.4,28.8,11.7,,,
"A.O.A Bajo en grasa","Arenque fresco crudo",35,"g",35,35,55,6.3,3.2,0,21,9.8,20,0.4,31.5,12.8,,,
"A.O.A Bajo en grasa","Arrachera cruda",35,"g",35,35,49,7.5,1.9,0,11.6,0,8.4,0.5,19.3,9.2,,,
"A.O.A Bajo en grasa","Arrachera de res cruda",30,"g",30,30,56,8.4,2.2,0,14.7,0,5.4,0.5,17.1,9.6,,,
"A.O.A Bajo en grasa","Atún blanco en aceite",30,"g",30,30,56,8,2.4,0,7,1.2,0.8,0.1,91.2,18,,,
"A.O.A Bajo en grasa","Atún en aceite drenado",0.333333333333333,"lata",33,33,66,9.7,2.7,0,10.3,7.7,4.3,0.5,118,25.3,,,
"A.O.A Bajo en grasa","Barbacoa",50,"g",50,40,54,7.6,2.4,0,26,0,2.8,0.9,30,15.2,,,
"A.O.A Bajo en grasa","Barbacoa con hueso",65,"g",65,38,51,7.2,2.3,0,24.5,0,2.6,0.8,28.3,14.3,,,
"A.O.A Bajo en grasa","Bistec de ternera",35,"g",35,35,55,6.9,2.8,0,31.5,0,3.9,1.1,31.5,5.5,,,
"A.O.A Bajo en grasa","Bonito",60,"g",60,31,51,7.3,2.2,0,0,0,8,0.2,12.2,4.3,,,
"A.O.A Bajo en grasa","Bonito en aceite",25,"g",25,25,55,7.3,2.9,0,11.7,0,7.2,0.3,0,4,,,
"A.O.A Bajo en grasa","Bonito filereado",30,"g",30,30,50,7.2,2.2,0,0,0,7.8,0.2,12,4.2,,,
"A.O.A Bajo en grasa","Cabeza de carnero cocida",495,"g",495,50,55,7,2.8,0,32.2,0,8.4,1,37.1,18.8,,,
"A.O.A Bajo en grasa","Cabeza de cerdo",495,"g",495,50,55,7,2.8,0,32.2,0,8.4,1,37.1,14.1,,,
"A.O.A Bajo en grasa","Calamar frito",35,"g",35,35,61,6.3,2.6,2.7,91,3.7,13.6,0.4,107.1,15.7,,,
"A.O.A Bajo en grasa","Carne de cerdo",40,"g",40,40,56,7.9,2.5,0,26,0.4,2.4,0.5,32.8,13.2,,,
"A.O.A Bajo en grasa","Carne de cerdo molida",40,"g",40,40,56,7.9,2.5,0,26,0.4,2.4,0.5,32.8,11.4,,,
"A.O.A Bajo en grasa","Carne de ganzo de crianza",40,"g",40,32,52,7.4,2.3,0,27.2,3.9,4.2,0.8,28.2,5.4,,,
"A.O.A Bajo en grasa","Carne de pato de crianza",60,"g",60,39,51,7.1,2.3,0,30,9.4,4.3,0.9,28.9,5.4,,,
"A.O.A Bajo en grasa","Carne de res (promedio)",30,"g",30,30,54,6.2,3,0,19.5,1.8,3.6,0.9,19.5,5.9,,,
"A.O.A Bajo en grasa","Carne de ternera",35,"g",35,35,55,6.9,2.8,0,31.5,0,3.9,1.1,31.5,5.5,,,
"A.O.A Bajo en grasa","Carne molida de cerdo",40,"g",40,40,56,7.9,2.5,0,26,0.4,2.4,0.5,32.8,9.8,,,
"A.O.A Bajo en grasa","Carne promedio",30,"g",30,29,51,5.9,2.9,0,18.5,1.7,3.4,0.9,18.5,5.7,,,
"A.O.A Bajo en grasa","Carnero",50,"g",50,40,54,7.6,2.4,0,26,0,2.8,0.9,30,15.2,,,
"A.O.A Bajo en grasa","Carnero con hueso",65,"g",65,38,51,7.2,2.3,0,24.5,0,2.6,0.8,28.3,14.3,,,
"A.O.A Bajo en grasa","Carpa",75,"g",75,41,51,7.2,2.3,0,26.7,3.8,16.7,0.5,20,5.7,,,
"A.O.A Bajo en grasa","Carpa cocida",30,"g",30,30,49,6.8,2.2,0,25.1,2.8,15.5,0.5,19.1,5.4,,,
"A.O.A Bajo en grasa","Carpa horneada",30,"g",30,30,49,6.8,2.2,0,25.1,2.8,15.5,0.5,19.1,5.4,,,
"A.O.A Bajo en grasa","Chuleta de cerdo",0.5,"pieza",45,38,54,7.6,2.4,0,24.9,0.4,2.3,0.5,31.4,12.2,,,
"A.O.A Bajo en grasa","Conejo",40,"g",40,32,51,6.5,2.6,0,20.8,0,5.8,0.8,13.8,7.6,,,
"A.O.A Bajo en grasa","Conejo de crianza",40,"g",40,32,51,6.5,2.6,0,20.8,0,5.8,0.8,13.8,7.6,,,
"A.O.A Bajo en grasa","Corazón de borrego",45,"g",45,45,55,7.4,2.5,0.2,60,0,0,0,39.5,21.2,,,
"A.O.A Bajo en grasa","Corazón de borrego cocido",30,"g",30,30,55,7.4,2.4,0.6,74.2,0,0,0,18.7,14.1,,,
"A.O.A Bajo en grasa","Corazón de cordero",45,"g",45,45,55,7.4,2.5,0.2,60,0,0,0,39.5,14.4,,,
"A.O.A Bajo en grasa","Corazón de cordero cocido",30,"g",30,30,55,7.4,2.4,0.6,74.2,0,0,0,18.7,14.1,,,
"A.O.A Bajo en grasa","Corazón de pavo",40,"g",40,40,58,7.3,2.8,0.3,46.3,0,0,0,35.1,2,,,
"A.O.A Bajo en grasa","Corazón de pollo cocido",25,"g",25,25,53,7.9,2.6,0,70.2,0,0,0,17.5,2,,,
"A.O.A Bajo en grasa","Corned beef",25,"g",25,25,54,6.7,3.1,0,22.3,0,0,0.6,218.8,4.3,,,
"A.O.A Bajo en grasa","Corned beef con áspic",30,"g",30,30,46,6.9,1.8,0,13.9,0,3.2,0.6,286.1,5.2,,,
"A.O.A Bajo en grasa","Cuete de ternera",35,"g",35,35,55,6.9,2.8,0,31.5,0,3.9,1.1,31.5,5.5,,,
"A.O.A Bajo en grasa","Falda de cerdo",40,"g",40,40,56,7.9,2.5,0,26,0.4,2.4,0.5,32.8,11.4,,,
"A.O.A Bajo en grasa","Filete de carpa",40,"g",40,40,51,7.2,2.3,0,26.4,3.8,16.5,0.5,19.8,5.6,,,
"A.O.A Bajo en grasa","Filete de cerdo",40,"g",40,40,56,7.9,2.5,0,26,0.4,2.4,0.5,32.8,11.4,,,
"A.O.A Bajo en grasa","Filete de puerco",40,"g",40,40,56,7.9,2.5,0,26,0.4,2.4,0.5,32.8,11.4,,,
"A.O.A Bajo en grasa","Filete de salmón",30,"g",30,30,55,6,3.2,0,17.6,4.6,3.5,0.1,17.6,13.4,,,
"A.O.A Bajo en grasa","Gallina",40,"g",40,27,59,7.6,0,0,21.2,5.4,7.1,0.5,17.4,3.4,,,
"A.O.A Bajo en grasa","Gallina joven cocida",40,"g",40,27,59,7.6,0,0,21.2,5.4,7.1,0.5,17.4,4.9,,,
"A.O.A Bajo en grasa","Ganso de crianza",40,"g",40,32,52,7.4,2.3,0,27.2,3.9,4.2,0.8,28.2,5.4,,,
"A.O.A Bajo en grasa","Guajolote",45,"g",45,36,57,7.3,2.8,0,26,0.7,5.3,0.5,23.1,8.2,,,
"A.O.A Bajo en grasa","Hígado de ganzo crudo",40,"g",40,40,53,6.5,1.7,2.5,206,3723.6,17.2,12.2,56,27.2,,,
"A.O.A Bajo en grasa","Hígado de borrego crudo",25,"g",25,25,55,7.6,2.2,0.6,125.3,1872.8,2,2.1,14,27.9,,,
"A.O.A Bajo en grasa","Hígado de cerdo cocido",30,"g",30,30,50,7.8,1.3,1.1,106.5,1621.5,3,5.4,14.7,20.3,,,
"A.O.A Bajo en grasa","Hígado de ganzo ",0.5,"pieza",47,47,63,7.7,2,3,242.1,4375.2,20.2,14.3,65.8,32,,,
"A.O.A Bajo en grasa","Hígado de pato crudo",40,"g",40,40,54,7.5,1.8,1.4,206,4793.6,4.4,12.2,56,26.8,,,
"A.O.A Bajo en grasa","Hígado de pavo",4,"cucharada",35,35,59,8.4,2.1,1.2,219.1,4403.4,3.9,2.7,22.4,35.2,,,
"A.O.A Bajo en grasa","Hígado de pollo cocido",30,"g",30,30,50,7.3,2,0.3,168.9,1194.3,3.3,3.5,22.8,24.7,,,
"A.O.A Bajo en grasa","Hígado de pollo crudo",40,"g",40,40,48,7.2,1.6,1.4,120,1452,4.4,3.4,31.6,25.6,,,
"A.O.A Bajo en grasa","Hígado de res cocido",30,"g",30,30,48,7.3,1.5,1,116.7,3180.6,2.1,2,21,17.1,,,
"A.O.A Bajo en grasa","Hígado de res frito",25,"g",25,25,54,6.7,2,2,120.5,2682.3,2.8,1.6,26.5,14.3,,,
"A.O.A Bajo en grasa","Hueva de pescado cocida",25,"g",25,25,51,7.2,2.1,0.5,119.8,22.8,7,0.2,29.3,12.9,,,
"A.O.A Bajo en grasa","Huevo congelado sin colesterol",4,"cucharada",60,60,96,6.8,6.7,1.9,1,81,44,1.2,120,2,,,
"A.O.A Bajo en grasa","Huevo de tortuga",50,"g",50,45,51,5.6,2.8,0.4,0,28.9,27.6,0.7,0,0,,,
"A.O.A Bajo en grasa","Jamón bajo en grasa",2,"rebanada",42,42,56,8.1,2.1,0.5,19.5,0,3,0.3,600,7.3,,,
"A.O.A Bajo en grasa","Jamón de pavo",2,"rebanada",42,42,54,8,2.1,0.1,23.6,0,4.4,1.2,418.5,7.3,,,
"A.O.A Bajo en grasa","Jamón de pierna",2,"rebanada",42,42,56,8.1,2.1,0.5,19.5,0,3,0.3,600,12.3,,,
"A.O.A Bajo en grasa","Lomo de cerdo",40,"g",40,40,56,7.9,2.5,0,26,0.4,2.4,0.5,32.8,12.8,,,
"A.O.A Bajo en grasa","Lomo de cerdo en trozos",40,"g",40,40,56,7.9,2.5,0,26,0.4,2.4,0.5,32.8,12.8,,,
"A.O.A Bajo en grasa","Maciza de carnero",50,"g",50,40,54,7.6,2.4,0,26,0,2.8,0.9,30,15.2,,,
"A.O.A Bajo en grasa","Maciza de ternera",35,"g",35,35,55,6.9,2.8,0,31.5,0,3.9,1.1,31.5,5.5,,,
"A.O.A Bajo en grasa","Milanesa de cerdo",40,"g",40,40,56,7.9,2.5,0,26,0.4,2.4,0.5,32.8,11.4,,,
"A.O.A Bajo en grasa","Milanesa de ternera",35,"g",35,35,55,6.9,2.8,0,31.5,0,3.9,1.1,31.5,5.5,,,
"A.O.A Bajo en grasa","Molida de cerdo",40,"g",40,40,56,7.9,2.5,0,26,0.4,2.4,0.5,32.8,9.8,,,
"A.O.A Bajo en grasa","Molida de res",30,"g",30,30,54,6.2,3,0,19.5,1.8,3.6,0.9,19.5,5.7,,,
"A.O.A Bajo en grasa","Molida de sirloin",25,"g",25,25,51,7.6,2,0,22.3,0,2.8,0.8,16.5,4.6,,,
"A.O.A Bajo en grasa","Molida especial",30,"g",30,30,54,6.2,3,0,19.5,1.8,3.6,0.9,19.5,5.7,,,
"A.O.A Bajo en grasa","Molida regular de res (10% grasa)",30,"g",30,30,54,6.2,3,0,19.5,1.8,3.6,0.9,19.5,5.7,,,
"A.O.A Bajo en grasa","Muslo de pollo crudo sin piel",0.5,"pieza",60,45,54,8.8,1.8,0,37.4,9,4.5,0.5,38.7,6.1,,,
"A.O.A Bajo en grasa","Ostión cocido",35,"g",35,35,57,6.6,1.6,3.5,35,51.1,5.8,3.2,74.1,53.9,,,
"A.O.A Bajo en grasa","Ostión crudo",75,"g",75,75,61,7.1,1.7,3.7,37.5,60.9,6.2,3.8,79.4,57.8,,,
"A.O.A Bajo en grasa","Ostión cultivado",9,"pieza",126,126,75,6.6,2,6.9,31.5,10.5,55.5,7.3,225,80.3,,,
"A.O.A Bajo en grasa","Ostión cultivado cocido",9,"pieza",88,88,70,6.1,1.9,6.4,32.9,16.4,49.3,6.8,143.5,68.4,,,
"A.O.A Bajo en grasa","Ostión en jugo",70,"g",70,70,57,6.6,1.6,3.5,35,56.8,5.8,3.6,74.1,53.9,,,
"A.O.A Bajo en grasa","Ostión enlatado",100,"g",100,100,69,7.1,2.5,3.9,55.3,90.6,44.7,6.7,111.8,77.5,,,
"A.O.A Bajo en grasa","Pámpano",65,"g",65,33,55,6.2,3.1,0,16.3,0,5.5,0,15.3,11.9,,,
"A.O.A Bajo en grasa","Pámpano cocido",25,"g",25,25,53,5.9,3,0,15.9,9.1,10.9,0.2,19.1,11.7,,,
"A.O.A Bajo en grasa","Pámpano fileteado",35,"g",35,35,60,6.7,3.3,0,17.5,0,6,0,16.5,12.8,,,
"A.O.A Bajo en grasa","Pancita de puerco",35,"g",35,35,55,5.8,3.4,0,67.6,0,3.5,0.8,18.2,9,,,
"A.O.A Bajo en grasa","Pasta de anchoas",4,"cucharada",28,28,56,5.6,3.2,1.2,0,0,0,0,0,0,,,
"A.O.A Bajo en grasa","Pasta de camarón",30,"g",30,30,54,6.2,2.8,0.5,0,0,0,0.1,0,0,,,
"A.O.A Bajo en grasa","Pasta de langosta",4,"cucharada",28,28,52,6,2.8,0.4,0,0,20,0.4,0,0,,,
"A.O.A Bajo en grasa","Pastrami de pavo",2,"rebanada",42,42,59,7.7,2.6,0.7,22.8,0,3.7,0.7,439.2,6.8,,,
"A.O.A Bajo en grasa","Pato de crianza",60,"g",60,39,51,7.1,2.3,0,30,9.4,4.3,0.9,28.9,5.4,,,
"A.O.A Bajo en grasa","Pavo",45,"g",45,36,57,7.3,2.8,0,26,0.7,5.3,0.5,23.1,13.1,,,
"A.O.A Bajo en grasa","Pavo entero",45,"g",45,36,57,7.3,2.8,0,26,0.7,5.3,0.5,23.1,11.7,,,
"A.O.A Bajo en grasa","Pechuga de pollo con piel",35,"g",35,30,55,6,3.3,0,19.9,11.6,3.3,0.2,19.3,4.9,,,
"A.O.A Bajo en grasa","Pescado blanco",75,"g",75,39,52,7.4,2.3,0,23.4,14.2,10.1,0.1,19.7,5.5,,,
"A.O.A Bajo en grasa","Pescado blanco cocido",30,"g",30,30,52,7.3,2.3,0,22.9,11.6,9.9,0.1,19.4,4.2,,,
"A.O.A Bajo en grasa","Pescado blanco fileteado",35,"g",35,35,47,6.7,2.1,0,21,12.6,9.1,0.1,17.9,4.4,,,
"A.O.A Bajo en grasa","Pescuezo de pollo sin piel",125,"pieza",125,38,58,6.6,3.3,0,31.1,16.5,10.1,0.8,30.4,4.5,,,
"A.O.A Bajo en grasa","Pescuezo de res",50,"g",50,33,50,6.7,2.4,0,19.8,37.7,1.6,0.6,25.4,6.1,,,
"A.O.A Bajo en grasa","Pierna de carnero",50,"g",50,40,54,7.6,2.4,0,26,0,2.8,0.9,30,15.2,,,
"A.O.A Bajo en grasa","Pierna de cerdo",40,"g",40,40,56,7.9,2.5,0,26,0.4,2.4,0.5,32.8,11.4,,,
"A.O.A Bajo en grasa","Pierna de cordero",30,"g",30,26,49,7.2,2,0,22.7,0,2,0.5,17.3,2.7,,,
"A.O.A Bajo en grasa","Pierna de pollo cin piel cocida",0.25,"pieza",45,26,47,6.7,2.1,0,"ND","ND","ND","ND","ND",6.8,,,
"A.O.A Bajo en grasa","Pierna de pollo cin piel cruda",0.333333333333333,"pieza",76,43,52,8.7,1.6,0,34.6,7.8,4.8,0.4,37.2,5.8,,,
"A.O.A Bajo en grasa","Pierna de cerdo",40,"g",40,40,56,7.9,2.5,0,26,0.4,2.4,0.5,32.8,11.4,,,
"A.O.A Bajo en grasa","Pulpa de cerdo",40,"g",40,40,56,7.9,2.5,0,26,0.4,2.4,0.5,32.8,11.4,,,
"A.O.A Bajo en grasa","Pulpa de ternera",40,"g",40,38,59,7.5,3,0,34.2,0,4.2,1.1,34.2,5.9,,,
"A.O.A Bajo en grasa","Queso cheddar bajo en grasa",30,"g",30,30,53,7.4,2.1,0.5,6.4,19.3,126.4,0.1,186.4,4.4,,,
"A.O.A Bajo en grasa","Queso cotage cremoso",3,"cucharada",54,54,56,6.8,2.5,1.5,7.7,25.1,32.8,0.1,217.9,4.9,,,
"A.O.A Bajo en grasa","Queso de soya",2,"rebanada",56,56,84,7,4.6,3.8,0,2,106,0,12,0,,,
"A.O.A Bajo en grasa","Queso fresco",40,"g",40,40,58,6.1,2.8,2,0,28,273.6,0.1,0,3.6,,,
"A.O.A Bajo en grasa","Queso fresco de cabra",30,"g",30,30,52,7.1,1.5,2.6,7.8,12,260.1,1.7,"ND",2.7,,,
"A.O.A Bajo en grasa","Queso fresco de vaca",40,"g",40,40,58,6.1,2.8,2,0,28,273.6,0.1,0,3.6,,,
"A.O.A Bajo en grasa","Queso Oaxaca Lala Light",30,"g",30,30,64,7.8,3.3,0.8,"ND","ND",230,"ND",190,"ND",,,
"A.O.A Bajo en grasa","Queso panela",40,"g",40,40,58,6.1,2.8,2,0,28,273.6,0.1,0,4.8,,,
"A.O.A Bajo en grasa","Queso panela Lala Light",30,"g",30,30,52,5.7,2.7,1.2,"ND","ND",200,"ND",180,"ND",,,
"A.O.A Bajo en grasa","Queso ricotta reducido en grasa",3,"cucharada",45,45,62,5.1,3.6,2.3,13.8,48.3,122.3,0,56.3,0,,,
"A.O.A Bajo en grasa","Retazo de carnero",500,"g",500,50,56,7.1,2.8,0,32.5,0,8.5,1.1,37.5,19,,,
"A.O.A Bajo en grasa","Rib eye sin grasa",25,"g",25,25,56,7,2.9,0,20,0,3.3,0.6,17.3,4.3,,,
"A.O.A Bajo en grasa","Salmón",30,"g",30,30,55,6,3.2,0,17.6,4.6,3.5,0.1,17.6,11,,,
"A.O.A Bajo en grasa","Salmón cocido",30,"g",30,30,55,6,3.2,0,17.6,4.6,3.5,0.1,17.6,17.2,,,
"A.O.A Bajo en grasa","Salmón fresco",30,"g",30,30,55,6,3.2,0,17.6,4.6,3.5,0.1,17.6,13.8,,,
"A.O.A Bajo en grasa","Short loin",25,"g",25,25,54,7.2,2.6,0,19,0,2,0.6,17,5.8,,,
"A.O.A Bajo en grasa","Sierra ahumada",30,"g",30,30,51,7.3,2.2,0,20.5,25.8,25.8,0.1,12.7,4.2,,,
"A.O.A Bajo en grasa","Sirloin",25,"g",25,25,51,7.6,2,0,22.3,0,2.8,0.8,16.5,4.6,,,
"A.O.A Bajo en grasa","Sustituto de huevo en polvo",3,"cucharada",15,15,67,8.3,2,3.3,85.8,55.4,48.9,0.5,120,19.2,,,
"A.O.A Bajo en grasa","Sustituto de huevo liquido",4,"cucharada",60,60,51,7.1,2,0.4,0,130.2,31.9,1.3,106,24.8,,,
"A.O.A Bajo en grasa","T-bone sin grasa",30,"g",30,24,49,6.4,2.4,0,14.2,0,1.4,0.8,17,5.3,,,
"A.O.A Bajo en grasa","Ternera",35,"g",35,35,55,6.9,2.8,0,31.5,0,3.9,1.1,31.5,5.5,,,
"A.O.A Bajo en grasa","Ternera en canal",40,"g",40,38,59,7.5,3,0,34.2,0,4.2,1.1,34.2,5.9,,,
"A.O.A Bajo en grasa","Tofu, firme",40,"g",40,40,58,6.3,3.5,1.7,"ND","ND","ND","ND","ND","ND",,,
"A.O.A Bajo en grasa","Trucha",70,"g",70,32,54,5.9,3.2,0,15.5,0,3.9,0.3,22.5,4.1,,,
"A.O.A Bajo en grasa","Trucha ahumada",30,"g",30,30,51,7.3,2.2,0,20.5,25.8,25.8,0.1,12.7,4.5,,,
"A.O.A Bajo en grasa","Trucha cocida",30,"g",30,30,51,7.3,2.2,0,20.5,25.8,25.8,0.1,12.7,4.5,,,
"A.O.A Bajo en grasa","Trucha fileteada",35,"g",35,35,59,6.4,3.5,0,16.8,0,4.2,0.4,24.5,4.4,,,
"A.O.A Moderados en grasa","ALIMENTOS","Cantidad sugerida","Unidad","Peso bruto redondeado (g)","Peso neto (g)","Energia (Kcal)","Proteina (g)","Lípidos (g)","Hidratos de carbono (g)","Colesterol (mg)","Vitamina A     (µg RE)","Calcio (mg)","Hierro (mg)","Sodio (mg)","Selenio (mg)",,,
"A.O.A Moderados en grasa","Arenque marinado",0.25,"filete",46,46,73,8.3,4.2,0,27.6,12.9,26.2,0.5,41.4,16.8,,,
"A.O.A Moderados en grasa","Bistec bola",25,"g",25,25,71,7.2,4.5,0,24,0,1.5,0.8,12.5,5,,,
"A.O.A Moderados en grasa","Bola de res",25,"g",25,25,71,7.2,4.5,0,24,0,1.5,0.8,12.5,5,,,
"A.O.A Moderados en grasa","Boquerones (fritos)",40,"g",40,40,70,7.7,4.1,0.1,"nd","nd",67.2,0,0,5.6,,,
"A.O.A Moderados en grasa","Carne de suadero",59,"g",29,29,76,7.8,4.8,0,20.9,0,1.7,1,20.3,0,,,
"A.O.A Moderados en grasa","Carne deshebrada",30,"g",30,30,75,7.4,4.8,0,24.6,0,2.1,0.7,14.7,5.9,,,
"A.O.A Moderados en grasa","Carne molida estra magna cocida",30,"g",30,30,75,7.4,4.8,0,24.6,0,2.1,0.7,14.7,3.8,,,
"A.O.A Moderados en grasa","Carne molida estra magna salteada",30,"g",30,30,77,7.5,4.9,0,24.3,0,2.1,0.7,21,3.8,,,
"A.O.A Moderados en grasa","Caviar",5,"cucharadita",27,27,67,6.6,4.8,1.1,156.6,72.2,73.3,3.2,399.8,17.5,,,
"A.O.A Moderados en grasa","Caviar negro",5,"cucharadita",27,27,67,6.6,4.8,1.1,156.6,72.2,73.3,3.2,399.8,17.5,,,
"A.O.A Moderados en grasa","Caviar rojo",5,"cucharadita",27,27,67,6.6,4.8,1.1,156.6,72.2,73.3,3.2,399.8,17.5,,,
"A.O.A Moderados en grasa","Chicharrón",12,"g",12,12,72,6.9,4.7,0,8.9,"ND",7.3,0.3,0,0,,,
"A.O.A Moderados en grasa","Chicharrón de cerdo",12,"g",12,12,72,6.9,4.7,0,8.9,"ND",7.3,0.3,0,0,,,
"A.O.A Moderados en grasa","Chicharrón de puerco",12,"g",12,12,72,6.9,4.7,0,8.9,"ND",7.3,0.3,0,0,,,
"A.O.A Moderados en grasa","Costillar de cerdo",50,"g",50,33,69,6.5,4.6,0,19.5,0.7,1.6,0.2,13.7,10.4,,,
"A.O.A Moderados en grasa","Costillitas de cerdo",51,"g",50,33,69,6.5,4.6,0,19.5,0.7,1.6,0.2,13.7,10.4,,,
"A.O.A Moderados en grasa","Gusanos de maguey",35,"g",35,35,70,5.8,4.8,0,"ND","ND",49.7,1.5,0,0,,,
"A.O.A Moderados en grasa","Huevo ""enriquecido con DHA-Omega 3 y Vitamina E""",1,"pieza",63,55,70,6,4.5,0.7,199.7,"ND","ND","ND",70,16.5,,,
"A.O.A Moderados en grasa","Huevo agra",1,"pieza",63,55,70,6,4.5,0.7,199.7,"ND","ND","ND",70,16.5,,,
"A.O.A Moderados en grasa","Huevo batido o revuelto cocido",3,"cucharada",41,41,69,4.6,5,0.9,144.7,57.5,29.9,0.5,115.1,9.2,,,
"A.O.A Moderados en grasa","Huevo blanco cocido",1,"pieza",50,44,68,5.5,4.7,0.5,186.6,73.9,22,0.5,54.6,13.6,,,
"A.O.A Moderados en grasa","Huevo cocido",1,"pieza",50,44,68,5.5,4.7,0.5,186.6,73.9,22,0.5,54.6,13.6,,,
"A.O.A Moderados en grasa","Huevo de codorniz fresco",6,"pieza",54,50,78,6.5,5.5,0.2,419.5,77,31.8,1.8,70,15.9,,,
"A.O.A Moderados en grasa","Huevo deshidratado",2.5,"cucharada",13,13,76,6,5.4,0.2,203.8,62.5,29.5,0.5,60,"ND",,,
"A.O.A Moderados en grasa","Huevo en polvo",2.5,"cucharada",13,13,76,6,5.4,0.2,203.8,62.5,29.6,0.5,60,"ND",,,
"A.O.A Moderados en grasa","Huevo entero cocido",1,"pieza",50,44,68,5.5,4.7,0.5,186.6,73.9,22,0.5,54.6,13.6,,,
"A.O.A Moderados en grasa","Huevo entero fresco",1,"pieza",50,44,63,5.5,4.4,0.3,186.1,61.6,23.3,0.8,61.6,13.9,,,
"A.O.A Moderados en grasa","Huevo  fresco",1,"pieza",50,44,63,5.5,4.4,0.3,186.1,61.6,23.3,0.8,61.6,13.9,,,
"A.O.A Moderados en grasa","Huevo pochado",1,"pieza",50,50,71,6.3,5,0.4,211,69.5,26.5,0.9,147,15.8,,,
"A.O.A Moderados en grasa","Huevo rojo cocido",1,"pieza",50,44,68,5.5,4.7,0.5,186.6,73.9,22,0.5,54.6,13.6,,,
"A.O.A Moderados en grasa","Longaniza de primera",45,"g",45,44,78,7.3,5.2,0,"ND",6.6,17.6,2.1,0,19.1,,,
"A.O.A Moderados en grasa","Macarela cocida",0.333333333333333,"filete",29,29,76,6.9,5.2,0,21.9,15.7,4.4,0.5,24.1,15,,,
"A.O.A Moderados en grasa","Macarela fresca",0.333333333333333,"filete",37,37,76,6.9,5.1,0,25.9,18.7,4.3,0.6,33.5,13.5,,,
"A.O.A Moderados en grasa","Muslo de pierna con piel cocido con hueso",0.333333333333333,"pieza",43,33,76,7.6,4.8,0,27.4,14.3,3.6,0.4,23.1,7.7,,,
"A.O.A Moderados en grasa","Muslo de pierna con piel crudo con hueso",0.333333333333333,"pieza",43,34,72,5.9,5.2,0,28.5,13.9,3.4,0.3,25.8,4.4,,,
"A.O.A Moderados en grasa","Orejas de cerdo",0.25,"pieza",28,28,66,6.3,4.3,0.2,23.2,0,5.9,0.7,54,1.2,,,
"A.O.A Moderados en grasa","Pata de cerdo cocidas",150,"g",150,51,71,5.9,5.1,0,42.3,5.6,16.3,0.2,285.6,8.1,,,
"A.O.A Moderados en grasa","Patas de cerdo en escabeche",150,"g",150,51,71,5.9,5.1,0,42.3,5.6,16.3,0.2,285.6,8.1,,,
"A.O.A Moderados en grasa","Patitas de cerdo encurtidas sin hueso",150,"g",150,51,71,5.9,5.1,0,42.3,5.6,16.3,0.2,285.6,8.1,,,
"A.O.A Moderados en grasa","Pecho de res",50,"g",50,37,76,6.4,5.4,0,25.9,6.6,2.6,0.2,25.9,2.4,,,
"A.O.A Moderados en grasa","Pierna de pollo con piel cocida",0.333333333333333,"pieza",63,36,79,8.7,4.6,0,30.2,12.9,4,0.5,26.2,8.5,,,
"A.O.A Moderados en grasa","Pierna y mueslo de pollo con piel",0.2,"pieza",61,40,74,7.2,4.8,0,32.9,14.3,4,0.4,31.3,5,,,
"A.O.A Moderados en grasa","Queso blanco",35,"g",35,35,77,6,5.1,1.8,26.3,22.5,"ND","ND","ND",5.1,,,
"A.O.A Moderados en grasa","Queso de soya",2,"rebanada",56,56,84,7,4.6,3.8,"ND","ND",106,0,12,0,,,
"A.O.A Moderados en grasa","Queso holandés",20,"G",20,20,75,6.7,5.2,1.6,17,56.6,165.8,0.3,0,1.8,,,
"A.O.A Moderados en grasa","Queso monterrey bajo en grasa",1,"rebanada",28,28,88,7.9,6,0.2,18,40,197,0.2,158,0,,,
"A.O.A Moderados en grasa","Queso Mozzarella reducido en grasa",1,"rebanada",28,28,71,6.8,4.5,0.8,17.9,35.6,219,0.1,173.3,0,,,
"A.O.A Moderados en grasa","Queso Mozzarella semidescremado",30,"g",30,30,76,7.3,4.8,0.8,19.2,37.2,234.6,0.1,185.7,4.3,,,
"A.O.A Moderados en grasa","Queso Muenster bajo en grasa",1,"rebanada",28,28,77,6.9,4.9,14.1,18,49,148,0.1,168,0,,,
"A.O.A Moderados en grasa","Queso parmensano",3.5,"cucharada",18,18,75,6.7,5,0.9,15.4,20.5,194.1,0.2,267.6,3,,,
"A.O.A Moderados en grasa","Queso parmensano duro",20,"g",20,20,78,7.2,5.2,0.6,13.6,21.2,236.8,0.2,320.4,4.5,,,
"A.O.A Moderados en grasa","Queso parmensano en trozo",20,"g",20,20,78,7.2,5.2,0.6,13.6,21.2,236.8,0.2,320.4,4.5,,,
"A.O.A Moderados en grasa","Queso parmensano rallado",3.5,"cucharada",18,18,75,6.7,5,0.9,15.4,20.5,194.1,0.2,267.6,3,,,
"A.O.A Moderados en grasa","Queso ricotta semidescremado",55,"g",55,55,76,6.3,4.3,2.8,16.9,57.8,149.5,0.2,68.8,9.2,,,
"A.O.A Moderados en grasa","Queso tipo americano lala light",30,"g",30,30,63,5,3.8,1.7,"ND","ND","ND","ND",480,"ND",,,
"A.O.A Moderados en grasa","Requesón promedio",3.5,"cucharada",42,42,76,6.3,5,1.3,10.5,"ND",38.6,0.2,163.8,"ND",,,
"A.O.A Moderados en grasa","Salami de pavo",6,"rebanada",42,42,72,8.1,3.9,0.7,31.9,0.8,16.8,0.5,421.7,11.1,,,
"A.O.A Moderados en grasa","Salchica de pavo",1,"pieza",61,61,120,14.6,6.4,1,56.4,6.7,13.5,0.9,407.3,0,,,
"A.O.A Moderados en grasa","Salchicha vegetariana",1,"pieza",25,25,64,4.6,4.5,2.5,"ND","ND",15.8,0.9,222,1.9,,,
"A.O.A Moderados en grasa","Salmón de aceite",35,"g",35,35,71,7.6,4.9,0,28,6.3,27.7,0.3,165.6,16.1,,,
"A.O.A Moderados en grasa","Sardina en aceite",3,"pieza",36,36,75,8.9,4.1,0,51.1,11.5,137.5,1.1,181.8,19,,,
"A.O.A Moderados en grasa","Sardina en tomate",1,"pieza",38,38,71,7.9,4,0.3,23.2,12.2,91.2,0.9,157.3,15.4,,,
"A.O.A Moderados en grasa","Sesos de cerdo cocidos",50,"g",50,50,69,6.1,4.8,0,1276,0,4.5,0.9,45.5,9.3,,,
"A.O.A Moderados en grasa","Sesos de cordero cocidos",50,"g",50,50,73,6.3,5.1,0,1021.5,0,6,0.8,67,6,,,
"A.O.A Moderados en grasa","Sesos de ternera cocidos",50,"g",50,50,68,5.7,4.8,0,1550,0,8,0.8,78,5.5,,,
"A.O.A Moderados en grasa","Sierra",50,"g",50,38,78,7.3,5.2,0,30,50.6,1.9,0.4,0,5.3,,,
"A.O.A Moderados en grasa","Sierra fileteada",35,"g",35,35,73,6.8,4.9,0,28,47.3,1.8,0.4,0,4.9,,,
"A.O.A Moderados en grasa","Sierra picada",35,"g",35,35,73,6.8,4.9,0,28,47.3,1.8,0.4,0,4.9,,,
"A.O.A Moderados en grasa","Suarero crudo",29,"g",29,29,76,7.8,4.8,0,20.9,0,1.7,1,20.3,0,,,
"A.O.A Moderados en grasa","Sustituto de queso mozzarella",1,"rebanada",28,28,69,3.2,3.4,6.6,"ND",122,171,0.1,192,0,,,
"A.O.A Alto en grasa","ALIMENTOS","Cantidad sugerida","Unidad","Peso bruto redondeado (g)","Peso neto (g)","Energia (Kcal)","Proteina (g)","Lípidos (g)","Hidratos de carbono (g)","Colesterol (mg)","Vitamina A     (µg RE)","Calcio (mg)","Hierro (mg)","Sodio (mg)","Selenio (µg)",,,
"A.O.A Alto en grasa","Alón de pollo con piel cocido",1,"pieza",98,51,117,11.6,8.6,0,35.7,20.4,6.1,0.6,34.1,9.4,,,
"A.O.A Alto en grasa","Alón de pollo con piel crudo",1,"pieza",95,51,114,9.4,8.2,0,39.5,22.6,6.2,0.5,37.4,8,,,
"A.O.A Alto en grasa","Añejo tipo cotija",2,"cucharada",24,24,70,6.8,8,0.3,20.4,156,206.4,0.6,0,1,,,
"A.O.A Alto en grasa","Carne de res semigrasossa",40,"g",40,38,98,7,7.5,0,26.2,3.4,2.7,0.8,22.4,1.4,,,
"A.O.A Alto en grasa","Carne molida popular de res",40,"g",40,33,97,5.2,8.3,0,24.3,3.9,2.6,0.6,19.4,0.7,,,
"A.O.A Alto en grasa"," Carne molida regular",40,"g",40,40,107,7.2,8.5,0,29.6,4.8,4,1.1,26,0.9,,,
"A.O.A Alto en grasa","Carne molida regular cocida",35,"g",35,35,100,8.1,7.3,0,30.5,0,3.5,0.8,21,1,,,
"A.O.A Alto en grasa","Carne obscura de pollo con piel",40,"g",40,40,95,6.7,7.3,0,32.4,19.6,4.4,0.4,29.2,1.9,,,
"A.O.A Alto en grasa","Cecina de res",50,"g",50,50,98,7.3,7.4,0,42.6,0,3.5,0.8,602.4,1.4,,,
"A.O.A Alto en grasa","Cerdo en canal",40,"g",40,58,111,3.8,10.6,0,20.7,0.6,1.4,0.2,123,1.1,,,
"A.O.A Alto en grasa","Cheez whiz",2,"cucharada",33,33,91,4,6.9,3,24.8,"ND",118.5,0.1,540.5,"ND",,,
"A.O.A Alto en grasa","Chuleta de carnero",40,"g",40,36,105,5.6,9,0,25.6,0,1.8,0.8,27,2.1,,,
"A.O.A Alto en grasa","Chuleta de cordero entera",0.333333333333333,"pieza",82,45,94,8.3,6.5,0,29.9,"ND",5,0.8,26.8,0.6,,,
"A.O.A Alto en grasa","Cordero",50,"g",46,37,104,6.1,8.6,0,26.9,0,5.9,0.6,21.7,1.2,,,
"A.O.A Alto en grasa","Costilla de carnero",45,"g",45,36,105,5.6,9,0,25.6,0,1.8,0.8,27,2.1,,,
"A.O.A Alto en grasa","Costilla de res",40,"g",40,29,112,4.5,10.3,0,21.6,0,2.3,0.5,15.2,0.7,,,
"A.O.A Alto en grasa","Espaldilla",45,"g",45,36,99,5.8,8.2,0,25.9,0.7,1.8,0.4,22.7,1.1,,,
"A.O.A Alto en grasa","Espaldilla de cerdo",45,"g",45,36,99,5.8,8.2,0,25.9,0.7,1.8,0.4,22.7,1.1,,,
"A.O.A Alto en grasa","Espinazo",45,"g",45,36,99,5.8,8.2,0,25.9,0.7,1.8,0.4,22.7,1.1,,,
"A.O.A Alto en grasa","Espinazo de cerdo",45,"g",45,36,99,5.8,8.2,0,25.9,0.7,1.8,0.4,22.7,1.1,,,
"A.O.A Alto en grasa","Fondue de queso",3.5,"cucharada",46,46,104,6.5,6.1,1.7,20.6,"ND",216.5,0.2,60.2,0.6,,,
"A.O.A Alto en grasa","Huevo de gansa",0.5,"pieza",72,63,116,8.7,8.3,0.8,533.7,115.9,37.8,2.3,86.6,3.2,,,
"A.O.A Alto en grasa","Huevo de pato ",1,"pieza",70,62,114,7.9,8.5,0.9,544.7,118.3,39.6,2.4,89.8,2.9,,,
"A.O.A Alto en grasa","Huevo de pavo",1,"pieza",79,70,119,9.5,8.3,0.8,648.6,115.4,68.6,2.9,105,23.8,,,
"A.O.A Alto en grasa","Huevo estrellado",1,"pieza",46,46,90,6.3,7,0.4,210.2,88.8,27.1,0.9,93.8,2.1,,,
"A.O.A Alto en grasa","Huevo frito",1,"pieza",46,46,90,6.3,7,0.4,210.2,88.8,27.1,0.9,93.8,2.1,,,
"A.O.A Alto en grasa","Huevo revuelto",60,"g",60,60,100,6.7,7.3,1.3,211.5,84,42.6,0.7,168,1.5,,,
"A.O.A Alto en grasa","Jamón ahumado",1.5,"rebanada delgada",32,32,95,4.9,8.2,0.2,28,0,3,0.4,382.5,0.8,,,
"A.O.A Alto en grasa","Jamón americano",1.5,"rebanada delgada",32,32,95,4.9,8.2,0.2,28,0,3.2,0.4,391.2,0.8,,,
"A.O.A Alto en grasa","Jamón bajo en sodio",1.5,"rebanada delgada",27,27,82,4.2,7,0.2,24,0,1.7,0.4,225.4,0.7,,,
"A.O.A Alto en grasa","Jamón cocido",1.5,"rebanada delgada",32,32,95,4.9,8.2,0.2,28,0,3,0.5,424.5,0.8,,,
"A.O.A Alto en grasa","Jamón del diablo",3.5,"cucharada",40,40,100,6.2,8.6,0,28.6,0,0,0.3,333.3,2.7,,,
"A.O.A Alto en grasa","Jamón horneado ",1.5,"rebanada delgada",32,32,95,4.9,8.2,0.2,28,0,3.2,0.4,391.2,0.8,,,
"A.O.A Alto en grasa","Jamón virginia",1.5,"rebanada delgada",32,32,95,4.9,8.2,0.2,28,0,3,0.5,424.5,0.8,,,
"A.O.A Alto en grasa","Jumiles",20,"g",20,20,89,6.4,6.8,0,0,0,15.6,2,0,0,,,
"A.O.A Alto en grasa","Lengua de cerdo cocida",30,"g",30,30,81,7.2,5.6,0,43.8,0,5.7,1.5,32.7,4.7,,,
"A.O.A Alto en grasa","Lengua de res cocida",45,"g",45,35,100,6.8,7.8,0,46.3,0,1.8,0.9,22.8,0.9,,,
"A.O.A Alto en grasa","Maciza de cedo",35,"g",35,35,92,5.9,7.4,0,25.2,0.7,4.9,0.3,19.6,1.5,,,
"A.O.A Alto en grasa","Maciza de puerco",35,"g",35,35,9,5.9,7.4,0,25.2,0.7,4.9,0.3,19.6,1.5,,,
"A.O.A Alto en grasa","Molida de carnero",40,"g",40,38,96,6.9,7.4,0,27,0,2.7,1,30.4,2.6,,,
"A.O.A Alto en grasa","Molida popular de res",40,"g",40,33,97,5.2,8.3,0,24.3,3.9,2.6,0.6,19.4,1,,,
"A.O.A Alto en grasa","Morcilla",1,"rebanada delgada",25,25,95,3.7,8.6,0.3,30,0,1.5,1.6,170,0.6,,,
"A.O.A Alto en grasa","Morcilla de arroz",1,"rebanada gruesa",25,25,95,3.7,8.6,0.3,30,0,1.5,1.6,170,0.6,,,
"A.O.A Alto en grasa","Moronga",1,"rebanada gruesa",25,25,95,3.7,8.6,0.3,30,0,1.5,1.6,170,0.6,,,
"A.O.A Alto en grasa","Mortadela",1.5,"rebanada ",32,32,99,5.3,8,1.1,18.3,0,6.3,0.4,392.7,0,,,
"A.O.A Alto en grasa","Mozzarella fresco",35,"g",35,35,105,7.8,7.8,0.8,27.5,60.9,176.8,0.2,219.5,1.3,,,
"A.O.A Alto en grasa","Nugget de pollo",2,"pieza",34,34,101,5.2,6.7,4.8,14.6,0,10.5,0.4,189.4,0.9,,,
"A.O.A Alto en grasa","Nugget de queso",3,"pieza",43,43,105,4.5,5.5,10,5,0,75.2,0.2,531.2,0.9,,,
"A.O.A Alto en grasa","Nugget de soya",2,"pieza",34,34,98,4.8,6.4,5.3,0.8,0,16,0.6,283.6,0,,,
"A.O.A Alto en grasa","Ostión ahumado",55,"g",55,55,109,4.9,6.9,6.4,44.6,49.8,34.3,3.8,229.7,3.8,,,
"A.O.A Alto en grasa","Ostión empanizado",55,"g",55,55,109,4.9,6.9,6.4,44.6,49.8,34.3,3.8,229.7,0.8,,,
"A.O.A Alto en grasa","Palitos de pescado congelados",1.5,"pieza",42,42,116,6.6,5.3,10.1,48,13.5,9,0.3,247.5,5.9,,,
"A.O.A Alto en grasa","Paloma",45,"g",45,35,102,6.4,8.2,0,32.9,25.3,4.2,1.2,18.7,0.9,,,
"A.O.A Alto en grasa","Pastel de pavo",1.5,"rebanada",32,32,105,3.9,9.6,0.6,19.5,0,1.5,0.2,406.5,1.3,,,
"A.O.A Alto en grasa","Patel de pollo",40,"g",40,40,106,4,8.7,2.9,28.6,0,41.4,0.7,511.4,0.6,,,
"A.O.A Alto en grasa","Pastel de puerco",1.5,"rebanada",32,32,105,3.9,9.6,0.6,19.5,0,1.5,0.2,406.5,0.6,,,
"A.O.A Alto en grasa","Pastel de ternera",40,"g",40,40,106,4,8.7,2.9,28.6,0,41.4,0.7,511.4,0.6,,,
"A.O.A Alto en grasa","Pata de carnera cocida",50,"g",50,35,38,7.4,7.4,0,0,0,18.2,0.4,0,2.8,,,
"A.O.A Alto en grasa","Peperami",0.75,"pieza",19,19,103,4,9.3,1,25.3,31.9,13.1,0.6,277.5,0,,,
"A.O.A Alto en grasa","Peperoni",10,"rebanada",20,20,99,4.5,8.8,0,21,0,4.4,0.3,330.6,1.6,,,
"A.O.A Alto en grasa","Pescuezo de pollo con piel sin hueso",1,"pieza",50,32,95,4.5,8.4,0,31.7,20.8,5.8,0.6,20.5,0.5,,,
"A.O.A Alto en grasa","Pollo crispy",45,"g",45,34,106,5.4,7.1,5.1,20,0,5.7,0.3,154.4,0.7,,,
"A.O.A Alto en grasa","Pollo rostizado",0.333333333333333,"pieza",50,28,80,6.7,6.3,0,0,57.4,2.8,0.5,0,1.6,,,
"A.O.A Alto en grasa","Pulpa de res",25,"g",25,25,87,6.8,6.5,0,26,0,3.3,0.8,16.3,1.3,,,
"A.O.A Alto en grasa","Queso amarillo",2,"rebanada",42,42,100,7,5.9,4.9,15.1,47.9,236,0.1,564.9,1.1,,,
"A.O.A Alto en grasa","Queso americano fundido",7,"cucharadita",39,39,105,5.8,8.2,2.3,23.3,0,175,0,653.3,0.8,,,
"A.O.A Alto en grasa","Queso añejo",25,"g",25,25,95,5.4,7.6,1.2,26.8,16.1,172.3,0.1,286.6,0.8,,,
"A.O.A Alto en grasa","Queso añejo rallado",4,"cucharada",29,29,109,6.3,8.7,1.3,30.8,18.5,198.2,0.1,329.7,0.9,,,
"A.O.A Alto en grasa","Queso asadero",1,"rebanada",28,28,100,6.4,8,0.8,30,18,187,0.1,186,0.9,,,
"A.O.A Alto en grasa","Queso blue cheese",30,"g",30,30,106,6.4,8.6,0.7,22.5,696,160.7,0.1,424.3,0.9,,,
"A.O.A Alto en grasa","Queso brick",25,"g",25,25,94,5.9,7.5,0.7,24.1,76.8,170.5,0.1,142,0.9,,,
"A.O.A Alto en grasa","Queso brie",30,"g",30,30,102,6.3,8.4,0.1,30,55.7,55.7,0.2,190.7,0.9,,,
"A.O.A Alto en grasa","Queso camembert",35,"g",35,35,106,7,8.6,0.1,25,88.8,137.5,0.1,298.8,1,,,
"A.O.A Alto en grasa","Queso canasto",30,"g",30,30,87,8.5,10,0.4,25.5,195,258,0.7,0,1.2,,,
"A.O.A Alto en grasa","Queso cheddar",0.75,"rebanada",21,21,85,5.2,7,0.3,22.1,63.6,151.5,0.1,130.3,0.7,,,
"A.O.A Alto en grasa","Queso cheddar rallado",0.25,"taza",28,28,114,7,9.4,0.4,29.8,85.5,203.8,0.2,175.3,1,,,
"A.O.A Alto en grasa","Queson Cheezwiz",2,"cucharada",33,33,91,4,6.9,3,24.8,"ND",118.5,0.1,540.5,"ND",,,
"A.O.A Alto en grasa","Queso Cheshire",1,"rebanada",28,28,108,6.5,8.6,1.3,29,65,180,0.1,196,0,,,
"A.O.A Alto en grasa","Queso chichuahua",25,"g",25,25,94,5.4,7.5,1.4,26.3,16.1,162,0.1,156.3,0.8,,,
"A.O.A Alto en grasa","Queso Chihuahua fresco",1,"rebanada",28,28,105,6,8.4,1.6,29.4,18,182.3,0.1,175,0.9,,,
"A.O.A Alto en grasa","Queso chihuahua rallado",0.25,"taza",28,28,106,6.1,8.5,1.6,29.7,18.2,183.9,0.1,176.6,0.9,,,
"A.O.A Alto en grasa","Queso colby estilo Cheddar",1,"rebanada",28,28,110,6.7,9,0.7,27,74,192,0.2,169,0,,,
"A.O.A Alto en grasa","Queso cotija",30,"g",30,30,87,8.5,10,0.4,25.5,195,258,0.7,0,1.2,,,
"A.O.A Alto en grasa","Queso crema light",3,"cucharada",45,45,104,4.8,7.9,3.2,25.2,81.5,50.4,0.8,133.2,0.2,,,
"A.O.A Alto en grasa","Queso de cabra con ceniza",35,"g",35,35,94,6.6,7.4,0.3,16.3,100,49,0.7,130,0.3,,,
"A.O.A Alto en grasa","Queso de cabra duro",20,"g",20,20,91,6.2,7.2,0.4,21.4,96.4,181.4,0.4,70,0.3,,,
"A.O.A Alto en grasa","Queso de cabra semi suave",1,"rebanada",28,28,102,6,8.4,0.7,22,114,83,0.5,144,0,,,
"A.O.A Alto en grasa","Queso de cabra suave",35,"g",35,35,94,6.6,7.4,0.3,16.3,100,49,0.7,130,0.3,,,
"A.O.A Alto en grasa","Queso edam",30,"g",30,30,107,7.5,8.3,0.4,26.8,72.6,219.3,0.1,289.5,1.1,,,
"A.O.A Alto en grasa","Queso feta",40,"g",40,40,106,5.7,8.5,1.6,35.7,50,197.2,0.3,451.4,0.9,,,
"A.O.A Alto en grasa","Queso fontina",25,"g",25,25,97,6.4,7.8,0.4,29,64.5,137.5,0.1,200,0.9,,,
"A.O.A Alto en grasa","Queso fundido",3,"cucharada",45,45,103,6.4,6,1.7,20.4,"ND",214.2,0.2,59.6,0.6,,,
"A.O.A Alto en grasa","Queso gouda",30,"g",30,30,107,7.5,8.2,0.7,34.3,49.2,210,0.1,245.7,1.1,,,
"A.O.A Alto en grasa","Queso gruyere",25,"g",25,25,103,7.5,8.1,0.1,27.5,67,252.8,0,84,1.1,,,
"A.O.A Alto en grasa","Queso Limburger",1,"rebanada",28,28,92,5.6,7.6,0.1,25,95,139,0,224,0,,,
"A.O.A Alto en grasa","Queso manchego",25,"g",25,25,102,6.1,8.1,1.2,0,0,0,0,0,0.9,,,
"A.O.A Alto en grasa","Queso manchego rallado",25,"g",25,25,102,6.1,8.1,1.2,0,0,0,0,0,0.9,,,
"A.O.A Alto en grasa","Queso manchego rebanado",25,"g",25,25,102,6.1,8.1,1.2,0,0,0,0,0,0.9,,,
"A.O.A Alto en grasa","Queso menonita",25,"g",25,25,95,5.4,7.5,1.4,26.8,16.1,165.2,0.1,156.3,0.8,,,
"A.O.A Alto en grasa","Queso Monterrey",25,"g",25,25,93,6.1,7.6,0.2,22.3,48,186.5,0.2,134,0.9,,,
"A.O.A Alto en grasa","Queso mozarella",35,"g",35,35,105,7.8,7.8,0.8,27.5,60.9,176.8,0.2,219.5,1.3,,,
"A.O.A Alto en grasa","Queso mozarella rallado",35,"taza",35,35,105,7.8,7.8,0.8,27.5,60.9,176.8,0.2,219.5,1.3,,,
"A.O.A Alto en grasa","Queso mozarella suave",1,"rebanada",28,28,89,6,6.9,0.7,25,53.8,163,0.1,116.2,1,,,
"A.O.A Alto en grasa","Queso Muenster",1,"rebanada",28,28,103,6.6,8.4,0.3,27,83,201,0.1,176,0,,,
"A.O.A Alto en grasa","Queso neufchatel",35,"g",35,35,91,3.5,8.2,1,26.6,101.2,26.3,0.1,139.7,0.1,,,
"A.O.A Alto en grasa","Queso Oaxaca",30,"g",30,30,95,7.7,6.6,0.9,25.8,0.8,140.7,1,0,1.1,,,
"A.O.A Alto en grasa","Queso pasteurizado americano",1,"rebanada",28,28,105,6.2,8.7,0.4,26.3,69.2,172.5,0.1,400.4,0.9,,,
"A.O.A Alto en grasa","Queso pasteurizado suizo",1.5,"rebanada",32,32,105,7.8,7.9,0.7,26.8,60.5,243.2,0.2,431.6,1.1,,,
"A.O.A Alto en grasa","Queso port salut",1,"rebanada",28,28,99,6.7,7.9,0.2,34.4,87.6,182,0.1,149.5,1,,,
"A.O.A Alto en grasa","Queso provolone",1,"rebanada",28,28,98,7.2,7.5,0.6,19.3,64.4,211.7,0.1,245.3,1,,,
"A.O.A Alto en grasa","Queso ricotta",0.25,"taza",62,62,107,6.9,8,1.9,31.2,72,127.5,0.2,51.6,1,,,
"A.O.A Alto en grasa","Queso romeno",23,"g",23,23,89,7.3,6.2,0.8,23.8,20.7,244.7,0.2,276,3.3,,,
"A.O.A Alto en grasa","Queso roquefort",25,"g",25,25,92,5.4,7.7,0.5,22.5,72.5,165.5,0.1,452.3,0.8,,,
"A.O.A Alto en grasa","Queso suizo",1,"rebanada",28,28,106,7.5,7.8,1.5,26,59.9,221.5,0.1,53.8,1.4,,,
"A.O.A Alto en grasa","Queso suizo rallado",6,"cucharada",43,43,95,7.4,6.3,2.3,32.4,27.7,297.2,0,0,1.1,,,
"A.O.A Alto en grasa","Queso tipo americano",1.5,"rebanada",27,27,101,6,8.5,0.4,25.1,68.5,149.5,0,402.1,0,,,
"A.O.A Alto en grasa","Queso tipo roquefort",25,"g",25,25,92,5.4,7.7,0.5,22.5,72.5,165.5,0.1,452.3,0.8,,,
"A.O.A Alto en grasa","Queso velveta",35,"g",35,35,100,6.3,7.5,3.8,25,0,187.5,0,525,0.9,,,
"A.O.A Alto en grasa","Retazo",350,"g",350,35,104,5.6,8.9,0,25.9,4.2,2.8,0.6,20.7,1.1,,,
"A.O.A Alto en grasa","Retazo con hueso",350,"g",350,35,104,5.6,8.9,0,25.9,4.2,2.8,0.6,20.7,1.1,,,
"A.O.A Alto en grasa","Retazo de pollo",350,"g",350,35,104,5.6,8.9,0,25.9,4.2,2.8,0.6,20.7,0.7,,,
"A.O.A Alto en grasa","Retazo de res",350,"g",350,35,104,5.6,8.9,0,25.9,4.2,2.8,0.6,20.7,1.1,,,
"A.O.A Alto en grasa","Retazo de ternera",350,"g",350,35,104,5.6,8.9,0,25.9,4.2,2.8,0.6,20.7,0.9,,,
"A.O.A Alto en grasa","Rib eye",30,"g",30,30,82,5.3,6.6,0,20.4,0,3.9,0.6,16.8,0.9,,,
"A.O.A Alto en grasa","Salami",3,"rebanada",27,27,104,6.3,8.1,1,27,0,2.2,0.4,542.7,1.6,,,
"A.O.A Alto en grasa","Salami de ternera",6,"rebanada",42,42,110,6.4,8.8,1.1,27.4,0,3.7,0.9,493,1,,,
"A.O.A Alto en grasa","Salchicha",0.75,"pieza",34,34,114,6.6,9.6,0,28.4,4.1,4.4,0.5,252.8,0,,,
"A.O.A Alto en grasa","Salchicha ahumada",0.5,"pieza",34,34,109,4.1,9.8,0.8,19.7,3.7,4.1,0.3,309.7,0,,,
"A.O.A Alto en grasa","Salchicha de pollo",0.75,"pieza",34,34,100,6.2,8.1,0,23.6,10.5,0.7,0.4,344.3,0.9,,,
"A.O.A Alto en grasa","Salchicha de puerco",0.75,"pieza",34,34,114,6.6,9.6,0,28.4,4.1,4.4,0.5,252.8,0,,,
"A.O.A Alto en grasa","Salchicha de ternera",0.5,"pieza",29,29,90,3.4,8.1,0.5,17.5,0,5.5,0.4,292.5,0.5,,,
"A.O.A Alto en grasa","Salchicha vienna",3,"pieza",48,48,110,5,9.3,1.2,41.8,0,4.8,0.4,465.1,0.9,,,
"A.O.A Alto en grasa","Salchicha vienna ahumada",1.5,"pieza",41,41,93,4.3,7.9,1.1,35.5,0,4.1,0.4,392.4,0.7,,,
"A.O.A Alto en grasa","Sesos de res cocidos",60,"g",60,60,91,7,6.3,0.9,1860,0,5.4,1.4,64.8,1.5,,,
"A.O.A Alto en grasa","Sesos de res crudos",75,"g",75,74,105,8,7.6,0.8,2212.4,0,31.6,1.9,92.6,1.7,,,
"A.O.A Alto en grasa","Sesos de res fritos",55,"g",55,55,108,6.9,8.7,0,1097.3,0,5,1.2,86.9,1.3,,,
"A.O.A Alto en grasa","T-bone con grasa cocido",35,"g",35,32,96,7.4,7.2,0,20.5,0,2.2,1,21.1,0.9,,,
"A.O.A Alto en grasa","Tofu, frito",40,"g",40,40,108,6.8,8,4.3,0,0,0,0,0,0,,,
"A.O.A Alto en grasa","Tripas de res",55,"g",55,50,109,5.6,9.5,0,74.3,26.2,5.9,0.9,22.8,0,,,
"A.O.A Alto en grasa","Ubre ",45,"g",45,45,105,6.9,8.4,0,0,0,31.5,1.2,0,0,,,
"A.O.A Alto en grasa","Velveta",35,"g",35,35,100,6.3,7.5,3.8,25,0,187.5,0,525,0,,,
"A.O.A Alto en grasa","Yema",2,"pieza",34,34,108,5.4,9,1.2,419.6,126.1,43.9,0.9,16.3,3,,,
"A.O.A Alto en grasa","Yema de huevo",2,"pieza",34,34,108,5.4,9,1.2,419.6,126.1,43.9,0.9,16.3,3,,,
"A.O.A Alto en grasa","Yema de huevo en polvo",3,"cucharada",15,15,103,5.3,8.6,0.6,360.8,203.2,43.9,0.8,20.9,4.6,,,
"Leche descremada","ALIMENTOS","Cantidad sugerida","Unidad","Peso bruto redondeado (g)","Peso neto (g)","Energia (Kcal)","Proteina (g)","Lípidos (g)","Hidratos de carbono (g)","Colesterol (mg)","Vitamina A     (µg RE)","Calcio (mg)","Sodio (mg)",,,,,
"Leche descremada","ALF** fresa con lactobacillus casei Shirota",1.5,"envase",159,159,96,6.4,0.3,17.1,"ND","ND",223.5,81,,,,,
"Leche descremada","ALF** mango con lactobacillus casei Shirota",1.5,"envase",159,159,96,6.4,0.3,16.9,"ND","ND",223.5,81,,,,,
"Leche descremada","ALF** manzana con lactobacillus casei Shirota",1.5,"envase",159,159,90,6.4,0.3,15.4,"ND","ND",222,82.5,,,,,
"Leche descremada","Leche Alpura Ligh Extra",1,"taza",240,240,103,8,2.4,14,0,144,336,134.4,,,,,
"Leche descremada","Leche de soya",1,"taza",240,240,79,6.6,4.6,4.3,0,7,10,29,,,,,
"Leche descremada","Leche descremada",1,"taza",245,245,86,8.4,0.4,11.9,4,149,302,126,,,,,
"Leche descremada","Leche descremada con chocolate",1,"taza",240,240,77,5.8,1,12.5,0,0,297.6,115.2,,,,,
"Leche descremada","Leche descremada en polvo",4,"cucharada",30,30,109,10.8,0.2,15.6,6,2,377,161,,,,,
"Leche descremada","Leche descremada en polvo, recucida en Ca",4,"cucharada",30,30,107,10.8,0.1,15.8,1.1,1.1,84.6,262.1,,,,,
"Leche descremada","Leche en polvo descremada",4,"cucharada",30,30,109,10.8,0.2,15.6,6,2,377,161,,,,,
"Leche descremada","Leche evaporada descremada",0.5,"taza",120,120,94,9,0.4,13.5,3.8,138.8,348.8,138.8,,,,,
"Leche descremada","Leche evaporada semidescremada",0.5,"taza",120,120,94,7.5,1.9,11.3,18.8,0,300,131.3,,,,,
"Leche descremada","Leche Lala Extracalcio Light",1,"taza",240,240,113,9.1,2.4,13.7,"ND","ND",364.8,144,,,,,
"Leche descremada","Leche Lala Light",1,"taza",240,240,96,7.5,2.4,11.1,"ND","ND",247.7,120,,,,,
"Leche descremada","Leche Lala Siluette Plus",1,"taza",240,240,83,7.5,0.5,13.6,"ND","ND",269.8,149.8,,,,,
"Leche descremada","Leche Lala Vive con fibra",1,"taza",240,240,91,7.5,1.2,15,"ND","ND",247.7,120,,,,,
"Leche descremada","Leche Lala Vive Deslactosada ligth",1,"taza",240,240,85,7.5,1.2,11.1,"ND","ND",247,120,,,,,
"Leche descremada","Leche light Extra",1,"taza",240,240,103,8,2.4,14,0,144,336,134.4,,,,,
"Leche descremada","Natilla Lala Siluette Plus",1,"pieza",125,125,88,6.3,0.5,14.6,0,0,206.3,137.5,,,,,
"Leche descremada","PLF* sin azúcar con Lactobacillus casie Chirota",2,"envase",160,160,60,2,0.1,16.8,"ND","ND",74,26,,,,,
"Leche descremada","Vitalinez bebible",1,"pieza",250,250,75,6.7,0,11.5,0,0,205.5,0,,,,,
"Leche descremada","Vitalinea sólido",1,"pieza",150,150,66,6.3,0,9.9,0,0,165.8,0,,,,,
"Leche descremada","Yoghur bajo en grasa",0.333333333333333,"taza",75,75,83,2.7,0.8,16,5,0,99,36.6,,,,,
"Leche descremada","Yoghur Lala Light batido",1.5,"pieza",188,188,90,7.3,0.4,14.4,"ND","ND",240,178.5,,,,,
"Leche descremada","Yoghur Lala Light bebible",1,"pieza",250,250,85,7.3,0.5,13,"ND","ND",255,100,,,,,
"Leche descremada","Yoghur Lala Siluette Plus de fruta",1,"pieza",250,250,85,7.3,0.5,13,0,0,255,100,,,,,
"Leche descremada","Yoghur Lala Vive con fribra 0%",1,"pieza",250,250,90,6.5,0.5,16,0,0,200,100,,,,,
"Leche descremada","Yoghur light",0.75,"taza",180,180,95,6.4,0,15.9,5.3,0,158.8,100.6,,,,,
"Leche descremada","Yoghur light de fruta",0.75,"taza",180,180,95,5.3,0,16.9,5.3,0,211.8,79.4,,,,,
"Leche descremada","Yoghur para beber con fruta BAJA EN CALORIAS",1,"pieza",250,250,80,5.5,0,14,0,0,200,82.5,,,,,
"Leche semidescremada","ALIMENTOS","Cantidad sugerida","Unidad","Peso bruto redondeado (g)","Peso neto (g)","Energia (Kcal)","Proteina (g)","Lípidos (g)","Hidratos de carbono (g)","Colesterol (mg)","Vitamina A     (µg RE)","Calcio (mg)","Sodio (mg)",,,,,
"Leche semidescremada","ALF** natural con Lactobacillus casei Shirota",1.5,"envase ",157.5,157.5,108,5.7,3.4,13.5,"ND","ND",195,72,,,,,
"Leche semidescremada","Leche evaporada semidescremada",0.5,"taza",130,160,101,8.1,2,12.2,20.3,0,324,141.8,,,,,
"Leche semidescremada","Leche fácil digestión",1,"taza",240,240,109,7.5,3.9,11.2,0,114,248,120,,,,,
"Leche semidescremada","Leche Lactium MX",1,"taza",240,240,109,7.2,4,11,21,330,264,100,,,,,
"Leche semidescremada","Leche Lala Extracalcio Deslactosada",1,"taza",218,218,114,8.3,3.5,12.5,0,0,332,131,,,,,
"Leche semidescremada","Leche Lala Extracalcio Semidescremada",1,"taza",218,218,114,8.3,3.5,12.5,0,0,332,131,,,,,
"Leche semidescremada","Leche Lala Semidescremada",1,"taza",240,240,109,7.5,3.8,11.1,0,0,247.7,120,,,,,
"Leche semidescremada","Leche Lala Vive Deslactosada semidescremada",1,"taza",240,240,109,7.5,3.8,11.1,0,0,247.7,120,,,,,
"Leche semidescremada","Leche Lala Vive sin colesterol con omega 3",1,"taza",228,228,115,8.3,3.6,12.3,0,0,301,166.9,,,,,
"Leche semidescremada","Leche semidescremada",1,"taza",233,233,116,7.7,4.4,11.2,18.6,0,284,116.4,,,,,
"Leche semidescremada","Leche semidescremada 1%",1,"taza",244,244,102,8,2.6,11.7,10,114,300,123,,,,,
"Leche semidescremada","Leche semidescremada 2%",1,"taza",234,234,116,7.8,4.5,11.2,17.3,133.4,285.1,117.1,,,,,
"Leche semidescremada","Licuado de leche Lala Siluette Plus",1,"pieza",250,250,113,7.5,0.5,16.3,"ND","ND","ND",40.5,,,,,
"Leche entera","ALIMENTOS","Cantidad sugerida","Unidad","Peso bruto redondeado (g)","Peso neto (g)","Energia (Kcal)","Proteina (g)","Lípidos (g)","Hidratos de carbono (g)","Colesterol (mg)","Vitamina A     (µg RE)","Calcio (mg)","Sodio (mg)",,,,,
"Leche entera","Activia natural",1,"pieza",150,150,135,5.6,5.9,14.9,0,0,186.1,86.8,,,,,
"Leche entera","Activia natural bebible",1,"pieza",250,250,170,6.5,7.6,19.9,0,0,222.6,105.4,,,,,
"Leche entera","Activia natural sólido",1,"pieza",150,150,135,5.6,5.9,14.9,0,0,186.1,86.8,,,,,
"Leche entera","Jocoque",5,"cucharada",75,75,126,7,9.6,2.9,0,0,0,248.3,,,,,
"Leche entera","Jcoque ligero",5,"cucharada",75,75,126,7,9.6,2.9,0,0,0,248.3,,,,,
"Leche entera","Jocoque seco",5,"cucharada",75,75,126,7,9.6,2.9,0,0,0,248.3,,,,,
"Leche entera","Leche",1,"taza",240,240,148,7.9,8,11.2,32.5,74.8,286.2,118,,,,,
"Leche entera","Leche caliente",1,"taza",240,240,148,7.9,8,11.2,32.5,74.8,286.2,118,,,,,
"Leche entera","Leche clavel",0.5,"taza",120,120,150,7.5,7.5,11.3,37.5,0,300,112.5,,,,,
"Leche entera","Leche cruda ",1,"taza",240,240,146,7.9,7.9,11.3,33.6,74.4,285.6,117.6,,,,,
"Leche entera","Leche de burra",1,"taza",237,237,126,4.7,5.7,14.5,0,47.4,194.3,0,,,,,
"Leche entera","Leche de cabra",1,"taza",240,240,165,8.6,9.9,10.7,27.5,134.8,320.73,120,,,,,
"Leche entera","Leche de vaca",1,"taza",240,240,148,7.9,8,11.2,32.5,74.8,286.2,118,,,,,
"Leche entera","Leche en polvo",4,"cucharada",32,32,159,8.4,8.5,12.3,31,90,292,119,,,,,
"Leche entera","Leche entera",1,"taza",240,240,148,7.9,8,11.2,32.5,74.8,286.2,118,,,,,
"Leche entera","Leche entera baja en sodio",1,"taza",240,240,147,7.5,8.3,10.7,32.5,76.7,242,5.9,,,,,
"Leche entera","Leche entera en polvo",4,"cucharada",32,32,159,8.4,8.5,12.3,31,90,292,119,,,,,
"Leche entera","Leche entera en polvo adicionada",4,"cucharada",32,32,159,8.4,8.5,12.3,31,90,392,119,,,,,
"Leche entera","Leche entera evaporada",0.5,"taza",120,120,150,7.5,7.5,11.3,37.5,0,300,112.5,,,,,
"Leche entera","Leche entera ultrapasteurizada",1,"taza",240,240,134,7,7,11.3,14.4,0,0,168,,,,,
"Leche entera","Lerche evaporada",0.5,"taza",120,120,150,7.5,7.5,11.3,37.5,0,300,112.5,,,,,
"Leche entera","Leche fría",1,"taza",240,240,148,7.9,8,11.2,32.5,74.8,286.2,118,,,,,
"Leche entera","Leche hervida",1,"taza",240,240,163,8.2,9.1,12.5,33.6,74.4,271.2,117.6,,,,,
"Leche entera","Leche humana",1,"taza",240,240,170,2.3,10.8,16.3,31,154.8,77.4,38.7,,,,,
"Leche entera","Leche Lala Desarrollo en polvo","2 1 /2","cucharada",33,33,150,5.9,5.9,18.3,0,0,200.6,96.6,,,,,
"Leche entera","Leche Lala Entera",1,"taza",240,240,139,7.5,7.2,12,0,0,247.7,120,,,,,
"Leche entera","Leche Liconsa Te Nutre",4,"cucharada",32,32,159,8.4,8.5,12.3,31,90,292,119.9,,,,,
"Leche entera","Leche materna",1,"taza",240,240,170,2.3,10.8,16.3,31,154.8,77.4,38.7,,,,,
"Leche entera","Leche maternizada en polvo",2,"cucharada",26,26,132,3.5,7,14.3,0,223.6,87.1,0,,,,,
"Leche entera","Leche omega verde",1,"taza",240,240,120,7.9,4.6,11.5,19.2,0,292,120,,,,,
"Leche entera","Leche pasteurizada",1,"taza",240,240,146,7.9,7.9,11.3,33.6,74.4,285.6,117.6,,,,,
"Leche entera","Leche preparada",1,"taza",240,240,141,6.5,5.9,8.5,32.5,74.8,286.2,118,,,,,
"Leche entera","Yoghur",1,"taza",227,227,139,7.9,7.4,10.6,29,68,274,105,,,,,
"Leche entera","Yoghur Lala batido",1,"pieza",125,125,121,4.1,2.9,20,0,0,131.3,106.3,,,,,
"Leche entera","Yoghur Lala Vive con fibra",1,"vasito",150,150,140,5.9,4.2,22.1,0,0,169.5,81,,,,,
"Leche entera","Yoghur natural",1,"taza",227,227,139,7.9,7.4,10.6,29,68,274,105,,,,,
"Leche con azúcar","ALIMENTOS","Cantidad sugerida","Unidad","Peso bruto redondeado (g)","Peso neto (g)","Energia (Kcal)","Proteina (g)","Lípidos (g)","Hidratos de carbono (g)","Colesterol (mg)","Vitamina A     (µg RE)","Calcio (mg)","Sodio (mg)","Azúcar por equivalente (g)",,,,
"Leche con azúcar","ALF* para beber fresa con Lactobacillus casei Shirota",1,"envase",215,215,185,6.2,3.2,32.3,0,0,341.9,96.8,31.2,,,,
"Leche con azúcar","ALF* para beber mango con Lactobacillus casei Shirota",1,"envase",215,215,155,6.2,0.4,31.4,0,0,337.6,96.8,29.2,,,,
"Leche con azúcar","ALF* para beber natural con Lactobacillus casei Shirota",1,"envase",213,213,141,6,1.3,26.4,0,0,334.4,98,24.3,,,,
"Leche con azúcar","Alimento lácteo fermentado con Actiregularis sabor Ciruela Pasa (bebible)",1,"pieza",250,250,211,5.8,6.8,31.7,"ND","ND",200.4,0,31.5,,,,
"Leche con azúcar","Alimento lácteo fermentado con Actiregularis sabor Ciruela Pasa (sólido)",1.33333333333333,"pieza",200,200,206,6.2,6.4,30.9,"ND","ND",203,94.7,30.7,,,,
"Leche con azúcar","Alimento lácteo fermentado con Actiregularis sabor fresa (bebible)",1,"pieza",250,250,211,5.8,6.8,32,"ND","ND",200.4,0,31.8,,,,
"Leche con azúcar","Alimento lácteo fermentado con Actiregularis sabor fresa (sólido)",1.33333333333333,"pieza",200,200,188,7,6.4,25.5,"ND","ND",255.4,94.7,25.3,,,,
"Leche con azúcar","Alimento lácteo fermentado sabor fresa (Lactobacillus casei y Streptococcus thermophilus)",2,"pieza",216,216,188,7.8,4.4,29.6,"ND","ND",231.1,92.9,29.6,,,,
"Leche con azúcar","Alimento lácteo fermentado sabor manzana  (Lactobacillus casei y Streptococcus thermophilus)",2,"pieza",216,216,161,8.2,0.4,31.2,"ND","ND",250.6,97.2,30.2,,,,
"Leche con azúcar","Alimento lácteo fermentado sabor natural  (Lactobacillus casei y Streptococcus thermophilus)",2,"pieza",216,216,161,8.6,0.4,31,"ND","ND",263.5,103.7,28.1,,,,
"Leche con azúcar","Bio 4",2,"pieza",240,240,180,6.2,3.1,31.4,"ND","ND","ND",96,"ND",,,,
"Leche con azúcar","Chongos zamoranos",0.5,"taza",108,108,194,6.5,3.2,34.6,10.8,21.6,220.3,54,30.2,,,,
"Leche con azúcar","Helado de café",0.5,"taza",91,91,195,3.4,10,25.5,30.8,106.8,98.6,68.8,23,,,,
"Leche con azúcar","Helado de café bajo en calorías",0.5,"taza",91,91,183,4.8,6.6,27,37.3,"ND",143.8,68.3,21.9,,,,
"Leche con azúcar","Helado de  chocolate",0.75,"taza",99,99,214,3.8,10.9,27.9,33.7,114.8,107.9,75.2,25.1,,,,
"Leche con azúcar","Helado de chocolate bajo en calorías",0.75,"taza",99,99,199,5,7.1,28.7,9.9,59.4,157.4,70.3,24.5,,,,
"Leche con azúcar","Helado de fresa",0.75,"taza",99,99,190,3.2,8.3,27.3,28.7,95,118.8,59.4,22.9,,,,
"Leche con azúcar","Helado de fresa bajo en calorías",0.666666666666667,"taza",123,123,200,6,5.7,31.2,18.5,539.3,208.6,87.6,28.1,,,,
"Leche con azúcar","Helado de vainilla",0.75,"taza",99,99,199,3.5,10.9,23.4,43.6,114.8,126.7,79.2,21,,,,
"Leche con azúcar","Helado de vainilla bajo en calorías",1,"taza",132,132,218,6.3,6.4,34.1,13.2,167.6,212.5,97.7,29.2,,,,
"Leche con azúcar","Helado de yogur",1,"taza",158,158,201,4.8,5.7,34.2,20.6,60.2,158.3,99.8,33.9,,,,
"Leche con azúcar","Helado de yogur de fresa",1,"taza",158,158,201,4.8,5.7,34.2,20.6,60.2,158.3,99.8,33.9,,,,
"Leche con azúcar","Helado napolitano",0.75,"taza",102,102,205,3.6,11.2,24.1,44.9,120.4,130.6,81.6,21.5,,,,
"Leche con azúcar","Helado napolitano bajo en calorías",0.666666666666667,"taza",119,119,192,5.6,5.2,31.1,16.7,"ND",188.7,82.4,26.8,,,,
"Leche con azúcar","Leche con chocolate",1,"taza",240,240,200,7.6,8.2,24.9,29.8,151.2,268.8,143,22.9,,,,
"Leche con azúcar","Leche con chocolate semidescremada 1%",1,"taza",240,240,182,7.2,4.6,29.1,6.7,142.1,261.6,158.4,22.9,,,,
"Leche con azúcar","Leche con vainilla",1,"taza",218,218,207,6.4,6.6,31,24,56.8,200.9,120.1,27.6,,,,
"Leche con azúcar","Leche de soya saborizada",1.25,"taza",300,300,191,9.3,6.8,23.3,"ND",10.8,"ND",304.5,"ND",,,,
"Leche con azúcar","Leche descremada con chocolate",1.25,"taza",300,300,189,9.7,3,31.3,9,174,345,183,29.8,,,,
"Leche con azúcar","Leche en polvo sabor fresa",8,"cucharada",56,56,187,13.3,0,32,"ND","ND",826.7,400,"ND",,,,
"Leche con azúcar","Leche en polvo sabor vainilla",8,"cucharada",56,56,187,13.3,0,32,"ND","ND",826.7,400,"ND",,,,
"Leche con azúcar","Leche fermentada con latobacilos",2.5,"pieza",250,250,180,7.5,4,35.8,"ND","ND",207.5,100,35.8,,,,
"Leche con azúcar","Leche fermentada con latobacilos sabor naranja",2.5,"pieza",250,250,185,7.3,3.8,40,"ND","ND",232.5,100,40,,,,
"Leche con azúcar","Leche fermentada con latobacilos sabor natural",2.5,"pieza",250,250,208,7,4,35.8,"ND","ND",207.5,100,35.8,,,,
"Leche con azúcar","Leche fermentada con latobacilos sabor  vainilla",2.33333333333333,"pieza",233,233,205,6.3,3.5,37.3,"ND","ND",149.1,93.2,37.3,,,,
"Leche con azúcar","Leche Lala saborizada",1.33333333333333,"taza",312,312,207,9.4,3.1,34.9,"ND","ND","ND",182.2,"ND",,,,
"Leche con azúcar","Leche Lala Vive con fribra saborizada",1,"taza",240,240,167,7.2,3.8,29.9,"ND","ND",234.2,114.2,"ND",,,,
"Leche con azúcar","Leche malteada de chocolate",1,"taza",240,240,202,8.1,7.8,26.2,24,818.4,307.2,208.8,25.2,,,,
"Leche con azúcar","Leche malteada sabor chocolate",0.75,"pieza",180,180,214,5.5,4.9,38.1,19.8,32.4,237.6,199.8,37.5,,,,
"Leche con azúcar","Leche malteada sabor fresa",0.75,"pieza",182,182,204,7,5.5,32.4,21.9,45.6,266.3,173.3,32.4,,,,
"Leche con azúcar","Leche malteada sabor vainilla",0.75,"pieza",180,180,202,6.9,5.5,32,21.6,45,262.8,171,32,,,,
"Leche con azúcar","Leche semidescremada sabor chocolate",1,"pieza",240,240,182,7.2,4.6,29.1,19.2,153.6,261.6,158.4,22.9,,,,
"Leche con azúcar","Malteada de chocolate",0.666666666666667,"taza",156,156,198,5.3,5.8,32,20,39,176.3,151.3,29,,,,
"Leche con azúcar","Malteada de fresa",0.75,"pieza",180,180,203,6.1,5,34,198.8,46.8,203.4,149.4,33.3,,,,
"Leche con azúcar","Malteada de vainilla",0.5,"pieza",130,130,192,4.4,8.4,25.4,29.8,117.9,149,105,17.7,,,,
"Leche con azúcar","Nescafé Dolce Gusto late macchiato (1 cápsula de leche + 1 cápsula de cocoa",2,"cápsula",50,50,182,8.6,8.4,18.2,25.5,"ND","ND",128,18,,,,
"Leche con azúcar","Nescafé Dolce Gusto caramel latte macchiato (1 cápsula de leche + 1 cápsula de cocoa",2,"cápsula",42,42,157,5.2,6.2,20.1,"ND","ND","ND",57.5,18.1,,,,
"Leche con azúcar","Nescafé Dolce Gusto Chococino (1 cápsula de leche + 1 cápsula de cocoa",1.5,"cápsula",51,51,223,7.4,8.2,29.9,22.4,"ND","ND",92.8,28.5,,,,
"Leche con azúcar","PLF* con Lactobacillus casei Shirota",3,"envase",240,240,165,3,0.1,38.1,"ND","ND",108,39,38.1,,,,
"Leche con azúcar","Queso petit Suisse",1.25,"pieza",255,255,203,9,3.4,36,22.5,69.8,270,0,29.3,,,,
"Leche con azúcar","Yoghur Activia de Ciruela Pasa",1.33333333333333,"vasito",200,200,206,6.2,6.4,30.9,"ND","ND",203,94.7,30.7,,,,
"Leche con azúcar","Yoghur bebible sabor durazno",2,"pieza",330,330,224,7.9,2.3,40.9,"ND","ND",290.4,99.5,40.6,,,,
"Leche con azúcar","Yoghur bebible sabor  fresa",2,"pieza",330,330,224,7.9,2.3,40.9,"ND","ND",290.4,0.1,40.6,,,,
"Leche con azúcar","Yoghur bebible sabor piña colada",2,"pieza",330,330,224,7.9,2.3,40.9,"ND","ND",290.4,99.5,40.6,,,,
"Leche con azúcar","Yoghur de café",0.75,"taza",180,180,180,8.5,2.1,32.8,10.6,"ND",211.8,95.3,29.6,,,,
"Leche con azúcar","Yoghur de fruta",0.75,"taza",180,180,201,8.5,3.2,33.9,15.9,"ND",211.8,105.9,31.8,,,,
"Leche con azúcar","Yoghur de vainilla",0.75,"taza",180,180,201,8.5,3.2,33.9,15.9,"ND",211.8,100.6,30.7,,,,
"Leche con azúcar","Yoghur Lala batido",1.5,"pieza",188,188,182,6.2,4.4,30,"ND","ND",196.9,159.4,"ND",,,,
"Leche con azúcar","Yoghur Lala bebible frutas",1,"pieza",250,250,195,5.5,4,20,"ND","ND","ND",0,"ND",,,,
"Leche con azúcar","Yoghur Lala Vive con fibra",1.5,"vasito",255,255,210,8.9,6.3,33.2,"ND","ND",254.3,121.5,"ND",,,,
"Leche con azúcar","Yoghur Lala Vive deslactosada",1,"pieza",250,250,195,5.5,4,34.5,"ND","ND",192.5,95,"ND",,,,
"Leche con azúcar","Yoghur Lala Vive sin colesterol con Menoscol",1,"pieza",250,250,185,6.8,1,37.3,"ND","ND",225,75,"ND",,,,
"Leche con azúcar","Yoghur para beber sabor fresa",1.25,"pieza",313,313,216,5.9,5,37.5,"ND","ND",221.9,81.3,"ND",,,,
"Leche con azúcar","Yoghur de soya",1,"taza",180,180,169,6.3,3.2,28.7,"ND","ND","ND",462.6,"ND",,,,
"Aceites y grasas","ALIMENTOS","Cantidad sugerida","Unidad","Peso bruto redondeado (g)","Peso neto (g)","Energia (Kcal)","Proteina (g)","Lípidos (g)","Hidratos de carbono (g)","AG Saturados (g)","AG Monoinsaturados (g)","AG Poliinsatuirados (g)","Colesterol (mg)","Sodio (mg)",,,,
"Aceites y grasas","Aceite",1,"cucharadita",5,5,44,0,5,0,0.4,2.9,1.5,0,0,,,,
"Aceites y grasas","Aceite comestible",1,"cucharadita",5,5,44,0,5,0,0.4,2.9,1.5,0,,,,,
"Aceites y grasas","Aceite de aguacate",1,"cucharadita",5,5,44,0,5,0,0.6,3.5,0.7,0,0,,,,
"Aceites y grasas","Aceite de ajonjolí",1,"cucharadita",5,5,44,0,5,0,0.7,2,2.1,0,0,,,,
"Aceites y grasas","Aceite de almendra",1,"cucharadita",5,5,44,0,5,0,0.4,3.5,0.9,0,0,,,,
"Aceites y grasas","Aceite de cachuate",1,"cucharadita",5,5,44,0,5,0,0.9,2.3,1.6,0,0,,,,
"Aceites y grasas","Aceite de cacao",1,"cucharadita",5,5,44,0,5,0,3,1.6,0.1,0,0,,,,
"Aceites y grasas","Aceite de canola",1,"cucharadita",5,5,44,0,5,0,0.4,2.9,1.5,0,0,,,,
"Aceites y grasas","Aceite de cártamo",1,"cucharadita",5,5,44,0,5,0,0.7,2,2.1,0,0,,,,
"Aceites y grasas","Aceite de coco",1,"cucharadita",5,5,43,0,5,0,4.3,0.3,0.1,0,0,,,,
"Aceites y grasas","Aceite de girasol",1,"cucharadita",5,5,44,0,5,0,0.5,1,3.3,0,0,,,,
"Aceites y grasas","Aceite de girasol 60% con ácido linoleico",1,"cucharadita",5,5,44,0,5,0,0.5,1,3.3,0,0,,,,
"Aceites y grasas","Aceite de girasol 70% con ácido aleico",1,"cucharadita",5,5,44,0,5,0,0.6,2.3,1.8,0,0,,,,
"Aceites y grasas","Aceite de hígado de bacalao",1,"cucharadita",5,5,45,0,5,0,1.1,2.3,1.1,28.6,0,,,,
"Aceites y grasas","Aceite de maíz",1,"cucharadita",5,5,44,0,5,0,0.6,1.2,2.9,0,0,,,,
"Aceites y grasas","Aceite de oliva",1,"cucharadita",5,5,44,0,5,0,0.7,3.7,0.4,0,0,,,,
"Aceites y grasas","Aceite de oliva extra virgen",1,"cucharadita",5,5,44,0,5,0,0.7,3.7,0.4,0,0,,,,
"Aceites y grasas","Aceite de olivo",1,"cucharadita",5,5,44,0,5,0,0.7,3.7,0.4,0,0,,,,
"Aceites y grasas","Aceite de palma",1,"cucharadita",5,5,44,0,5,0,2.5,1.9,0.5,0,0,,,,
"Aceites y grasas","Aceite de soya",1,"cucharadita",5,5,44,0,5,0,0.7,1.1,2.6,0,0,,,,
"Aceites y grasas","Aceite de soya y algodón",1,"cucharadita",5,5,44,0,5,0,0.9,1.5,2.4,0,0,,,,
"Aceites y grasas","Aceite en spray",5,"disp.de un segundo",5,5,44,0,5,0,0.6,1.2,2.9,0,0,,,,
"Aceites y grasas","Aceituna negra sin hueso",5,"pieza",25,25,46,0.3,5,0.8,0.5,3.8,0.3,0,600,,,,
"Aceites y grasas","Aceituna verde con hueso",6,"pieza",30,25,46,0.3,5.1,0.8,0.5,3.8,0.3,0,604.8,,,,
"Aceites y grasas","Aceituna verde sin hueso",8,"pieza",24,24,44,0.3,4.8,0.8,0.5,3.6,0.2,0,576,,,,
"Aceites y grasas","Aceitunas rellenas de anchoa",5,"pieza",25,25,46,0.6,4.5,0.8,0,0,0,0,600,,,,
"Aceites y grasas","Aceitunas rellenas de pimiento",7,"pieza",35,35,44,0,3.5,2.6,0.9,2.6,0,0,306.3,,,,
"Aceites y grasas","Aderezo",3,"cucharada",45,45,48,0,4.5,2.1,0.6,0.9,2.7,2.7,354,,,,
"Aceites y grasas","Aderezo blue cheese",0.5,"cucharada",8,8,38,0.4,3.9,0.6,0.8,0.9,2.1,2.1,82,,,,
"Aceites y grasas","Aderezo con queso y ajo",0.5,"cucharada",8,8,33,0,3.8,0.2,0.6,0,0,0,77.3,,,,
"Aceites y grasas","Aderezo cremoso",0.5,"cucharada",8,8,38,0.4,3.9,0.6,0.8,0.9,2.1,2.1,82,,,,
"Aceites y grasas","Aderezo de ciruela pasas",0.5,"cucharada",8,8,39,0.1,3.9,1.1,0.6,2.4,0.7,0.7,35.7,,,,
"Aceites y grasas","Aderezo de hierbas finas",0.5,"cucharada",8,8,31,0.1,3.2,0.8,0.5,2.3,0.3,0.3,73,,,,
"Aceites y grasas","Aderezo de mayonesa",0.5,"cucharada",7,7,51,0.1,5.4,0.3,0.9,3.4,1,1,41.8,,,,
"Aceites y grasas","Aderezo de miel y mostaza",0.5,"cucharada",8,8,36,0,3.6,1,0.5,0,0,0,48.4,,,,
"Aceites y grasas","Aderezo francés",0.5,"cucharada",8,8,32,0,3.1,1.3,0.7,0.6,1.6,1.6,102.7,,,,
"Aceites y grasas","Aderezo italiano",0.5,"cucharada",8,8,35,0.1,3.6,0.8,0.6,0.9,2.1,2.1,59,,,,
"Aceites y grasas","Aderezo italiano bajo en calorías",3,"cucharada",45,45,48,0,4.5,2.1,0.6,0.9,2.7,2.7,354,,,,
"Aceites y grasas","Aderezo italiano cremoso",0.5,"cucharada",8,8,28,0,2.8,0.8,1,0,0,0,57.5,,,,
"Aceites y grasas","Aderezo italiano cremoso bajo en calorías",4,"cucharada",60,60,40,2,2.2,6,0.8,0,0,0,560,,,,
"Aceites y grasas","Aderezo jalapeño",0.5,"cucharada",8,8,33,0.1,3.4,0.7,0.5,2.1,0.6,11.1,30.4,,,,
"Aceites y grasas","Aderezo mil islas",0.5,"cucharada",8,8,28,0,2.7,1.1,0.5,0.6,1.5,1.9,52.5,,,,
"Aceites y grasas","Aderezo ranch",0.5,"cucharada",8,8,44,0,4.7,0.5,0.8,0,0,1.3,69.8,,,,
"Aceites y grasas","Aderezo roquefort",0.5,"cucharada",8,8,38,0.4,3.9,0.6,0.8,0.9,2.1,1.5,82,,,,
"Aceites y grasas","Aderezo ruso",0.5,"cucharada",8,8,37,0.1,3.8,0.8,0.6,0.9,2.2,1.5,65,,,,
"Aceites y grasas","Aderezo tipo blue cheese",0.5,"cucharada",8,8,38,0.4,3.9,0.6,0.8,0.9,2.1,1.5,82,,,,
"Aceites y grasas","Aderezo tipo cesar",0.5,"cucharada",8,8,33,0.3,3.3,0.5,0.6,0,0,1.3,95.5,,,,
"Aceites y grasas","Aderezo tipo francés",0.5,"cucharada",8,8,32,0,3.1,1.3,0.7,0.6,1.6,0,102.7,,,,
"Aceites y grasas","Aderezo tipo mil islas",0.5,"cucharada",8,8,28,0,2.7,1.1,0.5,0.6,1.5,1.9,52.5,,,,
"Aceites y grasas","Aderezo tipo ranch",0.5,"cucharada",8,8,44,0,4.7,0.5,0.8,0,0,1.3,69.8,,,,
"Aceites y grasas","Aderezo vinagreta casera",2,"cucharada",10,10,45,0,5,0.3,0.9,1.5,2.4,0,0,,,,
"Aceites y grasas","Aderezo vinagreta comercial",4,"cucharadita",20,20,41,0,3.3,2.7,0.7,0,0,0,166.7,,,,
"Aceites y grasas","Aguacate California",0.333333333333333,"cucharadita",58,58,54,0.7,5.3,2.1,0.8,2.4,0.6,0,3.7,,,,
"Aceites y grasas","Aguacate de pellejo",1.5,"pieza",68,68,44,0.5,4.5,2,0.7,0,0.4,0,1.4,,,,
"Aceites y grasas","Aguacate florida",0.333333333333333,"pieza",101,101,60,0.8,4.8,4.8,0.9,0.6,0.8,0,2.6,,,,
"Aceites y grasas","Aguacate hass",0.333333333333333,"pieza",58,58,54,0.7,5.3,2.1,0.8,0.4,0.6,0,3.7,,,,
"Aceites y grasas","Aguacate madiano",0.333333333333333,"pieza",58,58,44,0.5,4.1,2.3,0.7,0.8,0.6,0,1.2,,,,
"Aceites y grasas","Aguacate verde",0.5,"pieza",48,48,46,0.5,4.6,1.5,0.8,0.6,0.5,0,1,,,,
"Aceites y grasas","Calahua",1,"cucharada",19,19,35,0.5,3.3,1.6,2.9,0.6,0,0,9.4,,,,
"Aceites y grasas","Coco",8,"g",8,8,41,0.5,4.3,0.9,0,0.5,0,0,0,,,,
"Aceites y grasas","Coco de aceite",8,"g",8,8,41,0.5,4.3,0.9,0,0,0,0,0,,,,
"Aceites y grasas","Coco deshidratado",6,"g",6,6,40,0.4,3.9,1.5,3.5,0,0,0,2.1,,,,
"Aceites y grasas","Coco en hojuelas",2,"cucharada",9,9,44,0.3,3,4.4,2.6,0,0,0,23.6,,,,
"Aceites y grasas","Coco entero",25,"g",25,14,42,0.5,4.6,0.7,4.1,0.5,0.1,0,3.2,,,,
"Aceites y grasas","Coco fresco",12,"g",12,12,42,0.4,4,1.8,3.6,0.2,0.1,0,2.4,,,,
"Aceites y grasas","Coco rallado",1.5,"cucharada",9,9,44,0.3,3.1,4.2,2.7,0.1,0,0,22.9,,,,
"Aceites y grasas","Coco rallado y endulzado",1.5,"cucharada",9,9,44,0.3,3.1,4.2,2.7,0.1,0,0,22.9,,,,
"Aceites y grasas","Ccoc seco",1.5,"cucharada",9,9,44,0.3,3.1,4.2,2.7,0.1,0,0,22.9,,,,
"Aceites y grasas","Coco seco y endulzado",1.5,"cucharada",9,9,44,0.3,3.1,4.2,2.7,0.1,0,0,22.9,,,,
"Aceites y grasas","Coquito",8,"g",8,6,41,0.5,4.3,0.9,0,0,0,0,0,,,,
"Aceites y grasas","Crema",1,"cucharada",15,15,43,0,3.2,2.1,2.1,0,0,10.7,0,,,,
"Aceites y grasas","Crema 20% grasa (dulce)",1.33333333333333,"cucharada",21,21,41,0.6,4.1,0.8,2.6,1,0.1,14,8.5,,,,
"Aceites y grasas","Crema 40% grasa (agria)",1,"cucharada",13,13,45,0.3,4.8,0.4,3,1.2,0.1,17.8,4.9,,,,
"Aceites y grasas","Crema ácida",2,"cucharada",21,21,46,0.7,4.4,0.9,2.8,1.2,0.2,8.8,10.5,,,,
"Aceites y grasas","Crema agria",1,"cucharada",13,13,44,0.3,4.8,0.4,3,1.2,0.1,17.6,4.9,,,,
"Aceites y grasas","Crema batida",1.5,"cuchrada",12,12,42,0.2,4.4,0.3,2.8,1.3,0.2,16.8,4.8,,,,
"Aceites y grasas","Crema batida en aerosol",5,"cucharada",15,15,40,0.5,3.5,2,2,1,0,10,20,,,,
"Aceites y grasas","Creama chantilly",1.5,"cucharada",12,12,42,0.2,4.4,0.3,2.8,1.3,0.2,16.8,4.8,,,,
"Aceites y grasas","Creama de coco dulce",3,"cucharadita",19,19,36,0.2,3.1,10.1,2.9,0.1,0,0,6.8,,,,
"Aceites y grasas","Creama de coco natural",3,"cucharadita",15,15,50,0.5,5.2,1,4.6,0.2,0.1,0,0.6,,,,
"Aceites y grasas","Crema de leche en polvo",4,"cucharadita",8,8,44,0.4,2.8,4.4,2.4,0.1,0,0,14.5,,,,
"Aceites y grasas","Creama dulce",4,"cucharadita",19,19,36,0.5,3.6,0.7,2.2,0.9,0.1,12.3,7.5,,,,
"Aceites y grasas","Crema dulce para batir",4,"cucharadita",19,19,36,0.5,3.6,0.7,2.2,0.9,0.1,12.3,7.5,,,,
"Aceites y grasas","Crema entera",1,"cucharada",14,14,41,0.3,4.3,0.4,2.7,1.3,0.1,15.9,4.7,,,,
"Aceites y grasas","Crema Lala Light",5,"cucharada",80,80,39,0.8,3.4,1.4,"ND","ND","ND","ND",0,,,,
"Aceites y grasas","Crema ligera",1,"cucharada",14,14,41,0.3,4.3,0.4,2.7,1.3,1.3,15.9,4.7,,,,
"Aceites y grasas","Crema natural",1,"cucharada",15,15,43,0,3.2,2.1,2.1,0,0,10.7,0,,,,
"Aceites y grasas","Crema para batir",1.5,"cucharada",21,21,41,0.6,4.1,0.8,2.5,1,0.1,13.9,8.4,,,,
"Aceites y grasas","Crema para café",1,"cucharada",14,14,41,0.3,4.3,0.4,2.7,1.3,0.1,15.9,4.7,,,,
"Aceites y grasas","Dip",2,"cucharada",30,30,48,1,3.9,1.9,2.9,0,0,19.4,154.8,,,,
"Aceites y grasas","Dip de cebolla",2,"cucharada",30,30,48,1,3.9,1.9,2.9,0,0,19.4,154.8,,,,
"Aceites y grasas","Dip preparado",2,"cucharada",30,30,48,1,3.9,1.9,2.9,0,0,19.4,154.8,,,,
"Aceites y grasas","Dip preparado con crema",2,"cucharada",30,30,48,1,3.9,1.9,2.9,0,0,19.4,154.8,,,,
"Aceites y grasas","Grasa de tocino",5,"g",5,5,44,0,5,0,2.2,2.1,0.6,4.8,0,,,,
"Aceites y grasas","Grasas animales",5,"g",5,5,44,0,5,0,2.2,2.1,0.6,4.8,0,,,,
"Aceites y grasas","Grasas vegetales para cocinar",5,"g",5,5,44,0,5,0,1.2,3.3,0.4,0,0,,,,
"Aceites y grasas","Guacamole",2,"cucharada",28,28,46,1,3.7,2.7,0,0,0,0,195.7,,,,
"Aceites y grasas","Lardo",5,"g",5,5,45,0,5,0,2,2.1,0.5,4.8,0,,,,
"Aceites y grasas","Manteca de cerdo",1,"cucharadita",4,4,39,0,4.3,0,1.7,2,0.5,4,0,,,,
"Aceites y grasas","Manteca vegetal",1,"cucharadita",4,4,38,0,4.3,0,1.1,1.9,1.1,0,0,,,,
"Aceites y grasas","Mantequilla",1.5,"cucharadita",6,6,47,0.1,5.3,0,3.3,1.3,0.1,14.2,0.6,,,,
"Aceites y grasas","Mantequilla con sal",1.5,"cucharadita",6,6,47,0.1,5.3,0,3.3,1.3,0.1,14.2,53.6,,,,
"Aceites y grasas","Mantequilla derretida",1,"cucharadita",5,5,36,0,4.1,0,2.5,1,0.1,11,0.5,,,,
"Aceites y grasas","Mantequilla Lala Reducida en grasa",7,"cucharada",84,84,32,0.2,3.4,0.2,"ND","ND","ND","ND",11.8,,,,
"Aceites y grasas","Mantequilla sin sal",1.5,"cucharadita",6,6,47,0.1,5.3,0,3.3,1.3,0.1,14.2,0.6,,,,
"Aceites y grasas","Margarita",1,"cucharadita",4,4,39,0,4.3,0,1.7,1.9,0.5,2.3,0,,,,
"Aceites y grasas","Margarita baja en grasa",2.5,"cucharadita",11,11,42,0,5,0,0,0,0,0,108.3,,,,
"Aceites y grasas","Margarita con sal",1.5,"cucharadita",6,6,47,0.1,5.2,0.1,1,2.3,1.6,0,61.2,,,,
"Aceites y grasas","Margarita sin sal",1,"cucharadita",4,4,39,0,4.3,0,1.7,1.9,0.5,2.3,0,,,,
"Aceites y grasas","Mayonesa",1,"cucharadita",5,5,34,0.1,3.6,0.2,0.6,2.2,0.7,12.1,27.8,,,,
"Aceites y grasas","Media crema",2,"cucharada",30,30,40,0.8,3.4,1.2,2.2,1,0.2,12,12,,,,
"Aceites y grasas","Pam",5,"disp.de un segundo",5,5,44,0,5,0,0.6,1.2,2.9,0,0,,,,
"Aceites y grasas","Praliné",0.5,"cucharada",8,8,36,0.2,1.9,5,0.1,1.2,0.5,0,4.9,,,,
"Aceites y grasas","Queso crema",1,"cucharada",13,13,46,1,4.6,0.4,2.9,1.3,0.2,14.4,39,,,,
"Aceites y grasas","Queso crema bajo en grasa",1,"cucharada",13,13,32,1.1,3,0.3,2.1,0,0,6.1,51.1,,,,
"Aceites y grasas","Queso crema untable",1,"cucharada",10,10,37,0.7,3.7,0.3,2.3,0,0,11.6,31.6,,,,
"Aceites y grasas","Queso Philadelphia",1,"cucharada",13,13,46,1,4.6,0.4,2.9,1.3,0.2,14.4,39,,,,
"Aceites y grasas","Salsa alfredo",1,"cucharada",14,14,44,0.7,4.3,0.8,0,0,0,7,50.8,,,,
"Aceites y grasas","Salsa holandesa industrializada",0.5,"cucharada",8,8,44,0.9,3.7,2.6,2.2,1.1,0.2,9.4,292,,,,
"Aceites y grasas","Salsa tártara industrializada",1,"cucharadita",16,16,52,0,5.2,2.1,2.1,0,0,5.2,93,,,,
"Aceites y grasas","Salsa tártara sin grasa",4,"cucharada",62,62,48,0,2,9.7,0.8,0,0,0,406.9,,,,
"Aceites y grasas","Salsa velouté",1.5,"cucharada",21,21,38,0.6,3.4,1.1,0,0,0,8.6,98.3,,,,
"Aceites y grasas","Tocino",1,"rebanada delgada",8,8,44,0.7,4.6,0,1.7,2,0.5,5.4,54.8,,,,
"Aceites y grasas","Tocino ahumado",1,"rebanada delgada",8,8,44,0.7,4.6,0,1.7,2,0.5,5.4,54.8,,,,
"Aceites y grasas","Tocino en lonja",8,"g",8,8,44,0.7,4.6,0,1.7,2,0.5,5.4,54.8,,,,
"Aceites y grasas","Tocino frito",1,"rebanada   ",7,7,39,0.6,4,0,0,0,0,5.7,48,,,,
"Aceites y grasas","Tocino imitación",1,"cucharada",10,10,41,1,3.9,0.1,0,0,0,6.7,96.7,,,,
"Aceites y grasas","Vinagreta",0.5,"cucharada",8,8,36,0,4,0.2,0.8,1.2,2,0,0,,,,
"Aceites y grasas","Vinagreta baja en calorías",5,"cucharada",80,80,38,0,0,7.5,0,0,0,0,1000,,,,
"Aceites y grasas","Vinagreta comercial",1.5,,23,23,46,0,3.8,3,0.8,0,0,0,187.5,,,,
"Aceites y grasas con proteínas","ALIMENTOS","Cantidad sugerida","Unidad","Peso bruto redondeado (g)","Peso neto (g)","Energia (Kcal)","Proteina (g)","Lípidos (g)","Hidratos de carbono (g)","AG Saturados (g)","AG Monoinsaturados (g)","AG Poliinsatuirados (g)","Colesterol (mg)","Sodio (mg)",,,,
"Aceites y grasas con proteínas","Ajonjoli",4,"cucharadita",10,10,61,2.7,5.7,1,0.8,2.2,2.5,0,3.9,,,,
"Aceites y grasas con proteínas","Ajonjoli tostado",5,"cucharada",13,13,75,2.2,6.3,3.4,0.9,2.4,2.8,0,5.1,,,,
"Aceites y grasas con proteínas","Almendra",10,"pieza",12,12,66,2.7,6.6,0.5,0.5,4.3,1.3,0,0.5,,,,
"Aceites y grasas con proteínas","Almendra acaramelada",6,"pieza",12,12,72,2.2,6,3.4,0.4,3.3,1.5,0,15.9,,,,
"Aceites y grasas con proteínas","Alemndra ahumada",10,"pieza",12,12,71,2.6,6.4,2.1,0,0,0,0,73.7,,,,
"Aceites y grasas con proteínas","Almendra deshidratada",10,"pieza",12,12,71,2.4,6.3,2.4,0.6,4.1,1.3,0,1.3,,,,
"Aceites y grasas con proteínas","Almendra fileteada",2,"cucharada",12,12,72,2.5,6.5,2.2,0.5,4.3,1.4,0,0,,,,
"Aceites y grasas con proteínas","Almendra picada",4,"cucharadita",10,10,62,2.1,5.2,1.8,0.4,0,1.2,0,0,,,,
"Aceites y grasas con proteínas","Almendra tostada",10,"cucharada",12,12,71,2,6.3,3,0.6,4.1,1.3,0,1.3,,,,
"Aceites y grasas con proteínas","Avellana",9,"pieza",13,13,72,2.5,6.5,2.3,0,0,0,0,0,,,,
"Aceites y grasas con proteínas","Avellana picada",5,"cucharadita",12,12,71,2.4,6.4,2.3,0,0,0,0,0,,,,
"Aceites y grasas con proteínas","Avellana salada",8,"pieza",11,11,72,1.8,7.1,1.6,0,0,0,0,15.6,,,,
"Aceites y grasas con proteínas","Avellana tostada",8,"pieza",11,11,75,1.1,7.5,2,0.6,5.9,0.7,0,0.4,,,,
"Aceites y grasas con proteínas","Cacahuate",14,"pieza",12,12,73,2.9,6.2,2.7,0.9,3.1,1.9,0,100.6,,,,
"Aceites y grasas con proteínas","Cacahuate acaramelado",5,"cucharadita",14,14,75,3,6.5,2.5,1,3.5,2,0,57.8,,,,
"Aceites y grasas con proteínas","Cacahucate cocido",20,"g",20,20,64,2.7,4.4,4.3,0.6,2.2,1.4,0,150,,,,
"Aceites y grasas con proteínas","Cacahuate con cáscara",12,"g",12,12,70,2.8,6,0.2,0.8,1.9,1.7,0,0.6,,,,
"Aceites y grasas con proteínas","Cacahuate con pepitas",12,"g",12,12,75,2.8,6,2.4,0.8,2.8,2.4,0,144,,,,
"Aceites y grasas con proteínas","Cacahuate con piel",15,"pieza",14,14,72,3.4,6.3,2.9,1.4,2.9,1.9,0,50.6,,,,
"Aceites y grasas con proteínas","Cacahuate enchilado",13,"pieza",12,12,67,2.9,5.9,2.1,0.8,2.9,1.7,0,79.4,,,,
"Aceites y grasas con proteínas","Cacahuate japonés",15,"pieza",14,14,68,2.7,3.6,6.3,0,0,0,0,270,,,,
"Aceites y grasas con proteínas","Cacahuate picado",5,"cucharadita",12,12,74,3,6.2,2.7,0.9,3.1,1.9,0,101.9,,,,
"Aceites y grasas con proteínas","Cacahuate salado",13,"pieza",12,12,71,3.2,5.5,2.4,1,2.9,1.6,0,34,,,,
"Aceites y grasas con proteínas","Cacahuate tostado",13,"pieza",12,12,69,2.8,5.9,2.5,0.8,2.9,1.8,0,96.1,,,,
"Aceites y grasas con proteínas","Cacahuates confitados",0.25,"bolsa",14,14,72,1.4,4.3,7.1,1.5,0,0.6,0.7,36.7,,,,
"Aceites y grasas con proteínas","Cacahuates cubiertos con salsa y limón",2,"cucharada",13,13,72,2.6,4.6,5.3,0,0,0,0,124.7,,,,
"Aceites y grasas con proteínas","Cacoa con cáscara",14,"g",14,14,70,1.9,5.9,3.3,3.4,2.4,0.1,0,0.5,,,,
"Aceites y grasas con proteínas","Cacoa pataste",12,"g",12,12,72,2.1,6.5,2.6,3.6,2.5,0.1,0,0.5,,,,
"Aceites y grasas con proteínas","Cacao sin cascara",12,"g",12,12,67,1.9,5.9,2.5,3.2,2.3,0.1,0,0.5,,,,
"Aceites y grasas con proteínas","Chía",7,"cucharada",49,49,69,3.5,5.9,1.9,1.2,0.9,3.5,0,12.3,,,,
"Aceites y grasas con proteínas","Chilorio",30,"g",30,30,64,5,4.7,0.7,0.7,0,0,17.1,203.1,,,,
"Aceites y grasas con proteínas","Chilorio de pavo",30,"g",30,30,64,5,4.7,0.7,0.7,0,0,17.1,203.1,,,,
"Aceites y grasas con proteínas","Chistorra",15,"g",15,15,73,1.7,7,0.7,0,0,0,25.5,156.8,,,,
"Aceites y grasas con proteínas","Chorizo",15,"g",15,15,64,3.5,5.6,0,2.1,2.4,0.4,16.2,11.5,,,,
"Aceites y grasas con proteínas","Chorizo de pollo",35,"g",35,35,72,5,5.7,0.1,0,0,0,5.3,302.4,,,,
"Aceites y grasas con proteínas","Chorizo vegetariano",15,"g",15,15,70,4.1,5.7,0.2,0,0,0,0,0,,,,
"Aceites y grasas con proteínas","Coroso",14,"g",14,14,72,0.8,7.5,1.6,0,0,0,0,0,,,,
"Aceites y grasas con proteínas","Falafel, hecho en casa",20,"g",20,20,67,2.7,3.5,6.4,0,0,0,0,0,,,,
"Aceites y grasas con proteínas","Harina de ajonjolí",13,"g",13,13,69,4,4.9,3.5,0.7,1.9,2.1,0,5.6,,,,
"Aceites y grasas con proteínas","Harina de almendras",11,"g",11,11,66,2.2,5.7,2.5,0.6,3.7,1.2,0,0.8,,,,
"Aceites y grasas con proteínas","Harina de cacahuate",15,"g",15,15,65,5.1,3.3,4.8,0.5,1.7,1.1,0,0,,,,
"Aceites y grasas con proteínas","Hot nuts",0.25,"paquete",13,13,68,2.1,4.2,5.3,0.8,"ND","ND","ND",133.5,,,,
"Aceites y grasas con proteínas","Hummus, de garbanzo (1 cda)",20,"g",20,20,67,2.7,3.5,6.4,0,0,0,0,0,,,,
"Aceites y grasas con proteínas","Jamón serrano",15,"g",15,15,70,2.4,3.9,6.7,1.5,"ND","ND","ND",3257,,,,
"Aceites y grasas con proteínas","Kkwatte sabritas  japonés",15,"g",15,15,74,2.4,4.2,6.6,0,0,0,0,69,,,,
"Aceites y grasas con proteínas","Kkwatte sabritas  salados",10,"g",10,10,60,2,5.2,1.2,0,0,0,0,60,,,,
"Aceites y grasas con proteínas","Mafer tostados sazonados",12,"g",12,12,66,2.7,5.4,1.7,0,0,0,0,76.8,,,,
"Aceites y grasas con proteínas","Mantequilla de cacachuate",2,"cucharadita",11,11,63,2.6,5.3,2.3,1,2.5,1.5,0,52,,,,
"Aceites y grasas con proteínas","Mazapan Azteca Oreo",0.5,"pieza",15,15,75,1.5,3.5,9.5,0.5,0,0,0,9,,,,
"Aceites y grasas con proteínas","Mazapan sin azúcar",1,"pieza",25,25,73,4,5,3,0,0,0,0,0,,,,
"Aceites y grasas con proteínas","Nueces mixtas",1,"cucharada",12,12,74,2,6.8,2.6,1,3.8,1.6,0,78.2,,,,
"Aceites y grasas con proteínas","Nuez",3,"pieza",9,9,67,0.9,7,1.3,0.6,4.2,1.9,0,0.1,,,,
"Aceites y grasas con proteínas","Nuez acaramelada",0.75,"taza",12,12,64,1.7,5.6,3,1.3,3,1.3,0,38.6,,,,
"Aceites y grasas con proteínas","Nuez de castilla",3,"pieza",9,9,67,0.9,7,1.3,0.6,4.2,1.9,0,0.1,,,,
"Aceites y grasas con proteínas","Nuez de la india acaramelada",12,"g",12,12,64,1.7,5.6,3,1.3,3,1.3,0,38.6,,,,
"Aceites y grasas con proteínas","Nuez de la india con almendras",12,"g",12,12,73,2.1,6.4,2.6,0.9,3.9,1.7,0,40.7,,,,
"Aceites y grasas con proteínas","Nuez de la india sin sal",7,"pieza",11,11,66,1.9,5.2,2.7,1,3.2,1,0,32,,,,
"Aceites y grasas con proteínas","Nuez de la india sin sal en mitades",15,"mitades",12,12,72,2.1,5.9,3.4,1.1,3.4,1.1,0,0,,,,
"Aceites y grasas con proteínas","Nuez de la india tostada sin sal ",8,"pieza",13,13,73,1.9,5.9,4.2,1.2,3.5,1,0,2.3,,,,
"Aceites y grasas con proteínas","Nuez de macadamia deshidratada",4,"pieza",10,10,73,0.9,7.7,1.4,1.1,6.1,0.1,0,0.4,,,,
"Aceites y grasas con proteínas","Nuez deshidratada",3,"pieza",9,9,67,0.9,7,1.3,0.6,4.2,1.9,0,0.1,,,,
"Aceites y grasas con proteínas","Nuez en mitades",7,"mitades",10,10,74,1,7.7,1.4,0.7,4.6,2.1,0,0.1,,,,
"Aceites y grasas con proteínas","Nuez entera",3,"pieza",9,9,67,0.9,7,1.3,0.6,4.2,1.9,0,0.1,,,,
"Aceites y grasas con proteínas","Nuez garapiñada",0.75,"taza",12,12,64,1.7,5.6,3,1.3,3,1.3,0,38.6,,,,
"Aceites y grasas con proteínas","Nuez picada",10,"g",10,10,71,1,7.4,1.4,0.6,4.4,2.1,0,0.1,,,,
"Aceites y grasas con proteínas","Nuez tostada",3,"pieza",9,9,67,0.9,7,1.3,0.6,4.2,1.9,0,0.1,,,,
"Aceites y grasas con proteínas","Pasta de almendras",4,"cucharadita",13,13,62,1.2,3.8,6.5,0.3,2.4,0.8,0,1.4,,,,
"Aceites y grasas con proteínas","Pasta de cacahuate",5,"cucharadita",13,13,73,3.5,6.2,2.2,1.1,3.1,1.8,0,59.8,,,,
"Aceites y grasas con proteínas","Pasta de cacahucate desgrasada",7,"cucharadita",18,18,76,5.3,4.4,4.9,1.6,4.4,2.5,0,106.2,,,,
"Aceites y grasas con proteínas","Paté",5,"cucharadita",22,22,69,3.1,6.1,0.3,0,0,0,0,150.9,,,,
"Aceites y grasas con proteínas","Paté de cerdo",1,"cucharada",13,13,61,1.5,5.8,0.6,1.9,3.4,0.1,20,91.9,,,,
"Aceites y grasas con proteínas","Paté de Foie gras",1,"cucharada",13,13,60,1.5,5.7,0.6,1.9,3.3,0.1,19.5,90.6,,,,
"Aceites y grasas con proteínas","Paté de ganso",1,"cucharada",13,13,61,1.5,5.8,0.6,1.9,3.4,0.1,20,91.9,,,,
"Aceites y grasas con proteínas","Paté de higado  de cerdo",1,"cucharada",13,13,61,1.5,5.8,0.6,1.9,3.4,0.1,20,91.9,,,,
"Aceites y grasas con proteínas","Paté de hígado de ternera",1,"cucharada",13,13,61,1.5,5.8,0.6,1.9,3.4,0.1,20,91.9,,,,
"Aceites y grasas con proteínas","Paté de pollo",8,"cucharadita",35,35,71,4.7,4.6,2.4,1.4,1.9,0.9,137.3,134.8,,,,
"Aceites y grasas con proteínas","Paté de ternera",1,"cucharada",13,13,61,1.5,5.8,0.6,1.9,3.4,0.1,20,91.9,,,,
"Aceites y grasas con proteínas","Pepita limpia",1.5,"cucharada",15,15,79,5,6.4,2,1.2,2,2.9,0,2.7,,,,
"Aceites y grasas con proteínas","Pepitas",60,"pieza",12,12,66,3,5.6,2.1,1.1,1.7,2.5,0,2.1,,,,
"Aceites y grasas con proteínas","Pepitas con cáscara",2,"cucharada",13,13,70,3.5,5.6,1.3,0.9,2.2,2.6,0,520,,,,
"Aceites y grasas con proteínas","Pepitas de calabaza",1.5,"cucharada",12,12,66,3.6,5.5,1.7,0,0,0,0,0,,,,
"Aceites y grasas con proteínas","Pepitas de melón",5,"cucharadita",12,12,66,3.3,5.6,1.8,1.2,0.9,3.3,0,11.7,,,,
"Aceites y grasas con proteínas","Pepitas tostadas",1,"cucharada",13,13,69,4.3,5.5,1.8,1.1,1.7,2.5,0,2.3,,,,
"Aceites y grasas con proteínas","Pepperoni",4,"rebanada",15,15,72,107,6.7,0.1,2.6,3.3,0.6,12.5,274,,,,
"Aceites y grasas con proteínas","Piñón",1,"cucharada",10,10,64,1.2,6.2,2,1,2.3,2.6,0,7.1,,,,
"Aceites y grasas con proteínas","Pistache",18,"pieza",13,13,73,2.6,6.3,2.5,0.8,3.1,1.9,0,86.4,,,,
"Aceites y grasas con proteínas","Pistache tostado",18,"pieza",13,13,74,2.6,6.2,3.2,0.8,4.2,0.9,0,0.9,,,,
"Aceites y grasas con proteínas","Queso de puerco",20,"g",20,20,75,2,7.4,0,4.1,4,1,20,0,,,,
"Aceites y grasas con proteínas","Salsa bearnesa industrializada",4,"cucharadita",17,17,61,2.3,1.5,9.9,0.2,0.7,0.5,0,564.4,,,,
"Aceites y grasas con proteínas","Salsa bechabel",3,"cucharada",45,45,66,1.7,4.8,4.1,1.3,2,1.3,3.2,159.5,,,,
"Aceites y grasas con proteínas","Salsa blanca",3,"cucharada",45,45,66,1.7,4.8,4.1,1.3,2,1.3,3.2,159.5,,,,
"Aceites y grasas con proteínas","Salsa de ajonjolí",2,"cucharadita",11,11,63,2.6,5.3,2.3,1,2.5,1.5,1.5,50.4,,,,
"Aceites y grasas con proteínas","Salsa de cacahuate",2,"cucharadita",11,11,63,2.6,5.3,2.3,1,2.5,1.5,1.5,52,,,,
"Aceites y grasas con proteínas","Salsa de pimienta verde",5,"cucharada",75,75,72,2.3,4.4,6,2.7,1.2,0.1,0.1,280.4,,,,
"Aceites y grasas con proteínas","Salsa de queso",2,"cucharada",34,34,67,3.5,5.1,1.8,2.7,1.6,0.5,0.5,167.7,,,,
"Aceites y grasas con proteínas","Salsa pesto",4,"cucharadita",24,24,66,3.1,5.5,0.9,0,0,0,0,103.2,,,,
"Aceites y grasas con proteínas","Selección de botana mexicana",1,"cucharada",10,10,62,2.3,5,2,0.7,2.3,2,2,120,,,,
"Aceites y grasas con proteínas","Semilla de calabaza",1.5,"cucharada",15,15,61,3.4,5.1,1.6,0.9,1.9,2.2,2.2,0,,,,
"Aceites y grasas con proteínas","Semilla de calabaza menuda",2,"cucharada",20,20,65,5.3,4.1,3,0.7,1.5,0,0,0,,,,
"Aceites y grasas con proteínas","Semilla de chía",5,"cucharadita",12,12,66,3.3,5.6,1.8,1.2,0.9,3.3,3.3,11.7,,,,
"Aceites y grasas con proteínas","Semilla de girasol",4,"cucharadita",12,12,69,2.7,6,2.1,0.7,1.5,3.7,3.7,0.4,,,,
"Aceites y grasas con proteínas","Semilla de girasol tostada",4,"cucharadita",12,12,71,2.4,6,2.9,0.6,1.2,4,4,0.4,,,,
"Aceites y grasas con proteínas","Tocino vegetariano",2,"rebanada",20,20,63,2.3,6,1.3,1,1.5,3,3,292.5,,,,
"Azucares sin grasa","ALIMENTOS","Cantidad sugerida","Unidad","Peso bruto redondeado (g)","Peso neto (g)","Energia (Kcal)","Proteina (g)","Lípidos (g)","Hidratos de carbono (g)","Sodio (mg)","Azúcares por equivalente (g)","Indica glicémico (g)","Carga glicémica",,,,,
"Azucares sin grasa","Aderezos para ensalada bajos en calorías y grasa",0.333333333333333,"taza",85,85,40,0,0,8,1066.6,8,"ND","ND",,,,,
"Azucares sin grasa","Agua quina",0.333333333333333,"lata",117,117,42,0,0,11.1,16.3,11.1,"ND","ND",,,,,
"Azucares sin grasa","Ate",13,"g",13,13,41,0.4,0.1,9.8,0,9.2,51,5,,,,,
"Azucares sin grasa","Ate de guayaba",13,"g",13,13,41,0.4,0.1,9.8,0,9.2,51,5,,,,,
"Azucares sin grasa","Ate de membrillo",13,"g",13,13,41,0.4,0.1,9.8,0,9.2,51,5,,,,,
"Azucares sin grasa","Azúcar blanca",2,"cucharadita",8,8,33,0,0,8.4,0,8.4,68,5.7,,,,,
"Azucares sin grasa","Azúcar de mesa",2,"cucharadita",8,8,33,0,0,8.4,0,8.4,68,5.7,,,,,
"Azucares sin grasa","Azúcar glass",4,"cucharadita",10,10,39,0,0,10,0.1,9.8,68,6.8,,,,,
"Azucares sin grasa","Azúcar granulada",2,"cucharadita",8,8,33,0,0,8.4,0,8.4,68,5.7,,,,,
"Azucares sin grasa","Azúcar mascabado",2,"cucharadita",10,10,36,0,0,9.1,3,9.1,68,6.2,,,,,
"Azucares sin grasa","Azúcar morena",3,"cucharadita",9,9,34,0,0,8.8,2.5,8.7,68,6,,,,,
"Azucares sin grasa","Bebida láctea fermentada",21,"pieza",80,80,50,0.9,0.2,11.7,0,11.4,46,5.4,,,,,
"Azucares sin grasa","Bebida para deportistas",0.25,"bote sport",152,152,40,0,0,9.8,59.4,8,78,7.6,,,,,
"Azucares sin grasa","Bebida para deportistas en polvo",2,"cucharadita",10,10,36,0,0,9.5,60.3,9,78,7.4,,,,,
"Azucares sin grasa","Boost *",0.333333333333333,"lata",78,78,33,0.3,0,7.9,0.6,7.9,"ND","ND",,,,,
"Azucares sin grasa","Bubbaloo xtreme",0.5,"pieza",8,8,33,0.1,0,8.1,0.2,5.7,"ND","ND",,,,,
"Azucares sin grasa","Bubulubu",0.333333333333333,"pieza",12,12,46,0.1,0.9,9.2,38.5,6.6,"ND","ND",,,,,
"Azucares sin grasa","Burn *",0.2,"lata",62,62,36,0.2,0,9,28,9,"ND","ND",,,,,
"Azucares sin grasa","Café capuchino helado",0.333333333333333,"taza",80,80,43,0.7,0.8,8,40,7,"ND","ND",,,,,
"Azucares sin grasa","Café capuchino instantáneo",2,"cucharadita",8,8,32,0.2,0.4,6.9,14.4,5.5,"ND","ND",,,,,
"Azucares sin grasa","Cajeta",1.5,"cucharadita",9,9,36,0.5,1,6.4,7.7,"ND","ND","ND",,,,,
"Azucares sin grasa","Caramelo",2,"pieza pequeña",12,12,47,0,0,11.8,4.6,7.5,"ND","ND",,,,,
"Azucares sin grasa","Caramelo de mantequilla",2,"pieza",11,11,45,0,0.4,10.8,4.8,10.8,"ND","ND",,,,,
"Azucares sin grasa","Caramelo macizo",2,"pieza pequeña",12,12,47,0,0,11.8,4.6,7.5,"ND","ND",,,,,
"Azucares sin grasa","Caramelo salvavidas",4,"pieza",10,10,40,0,0,10,0,10,70,7,,,,,
"Azucares sin grasa","Cáscara de naranja cristalizada",10,"g",10,10,32,0,0,8.2,0,"ND","ND","ND",,,,,
"Azucares sin grasa","Castaña",2,"pieza",22,22,44,0.4,0.3,9.9,0.4,"ND","ND","ND",,,,,
"Azucares sin grasa","Castaña con cáscara",2,"pieza",30,18,39,0.4,0.4,8.3,0.5,"ND","ND","ND",,,,,
"Azucares sin grasa","Castaña asada",12,"g",12,12,44,0.6,0.5,9.4,4.4,"ND","ND","ND",,,,,
"Azucares sin grasa","Chewy candy",0.5,"pieza",13,13,44,0,0.2,10.5,26.1,7.2,"ND","ND",,,,,
"Azucares sin grasa","Chicle",5,"pieza",15,15,37,0,0,9.9,0.2,9.9,"ND","ND",,,,,
"Azucares sin grasa","Chicle bajo en azúcar",6,"pieza",12,12,32,0,0,11.4,0.8,"ND","ND","ND",,,,,
"Azucares sin grasa","Chicloso",1,"pieza",12,12,46,0.3,1.1,8.7,15.5,5.4,"ND","ND",,,,,
"Azucares sin grasa","Chocolate en polvo sin azúcar",2,"cucharadita",10,10,40,2,1,6,"ND",4,51,3.1,,,,,
"Azucares sin grasa","Cococa en polvo",2,"cucharadita",10,10,40,2,1,6,"ND",4,51,3.1,,,,,
"Azucares sin grasa","Conos de helado",3,"pieza",12,12,44,0,"ND",11.1,"ND","ND","ND","ND",,,,,
"Azucares sin grasa","Crazy dips sabor frutas",1,"sobre",12,12,45,0,"ND",12,0,"ND","ND","ND",,,,,
"Azucares sin grasa","Cubierta de chocolate ",2,"cucharadita",12,12,48,0,1.3,9.1,0,0,"ND","ND",,,,,
"Azucares sin grasa","Cubierta de fresa",3,"cucharadita",16,16,41,0,0,10.6,3.4,0,"ND","ND",,,,,
"Azucares sin grasa","Cubierta de piña",3,"cucharadita",16,16,40,0,0,10.6,9.9,0,"ND","ND",,,,,
"Azucares sin grasa","Cueritos de fruta",0.5,"pieza",11,11,39,0,0.3,9,33.3,5.2,99,8.9,,,,,
"Azucares sin grasa","Flan en polvo",1,"cucharada",12,12,42,0,0,11,51.8,"ND","ND","ND",,,,,
"Azucares sin grasa","Fruta cristalizada",15,"g",15,15,45,0.5,0.1,11,0,11,103,11.4,,,,,
"Azucares sin grasa","Gatorade variedad de sabores",200,"ml",200,200,46,0,0,11.6,91.6,11.6,"ND","ND",,,,,
"Azucares sin grasa","Gelatina",0.333333333333333,"taza",59,59,37,0.7,0,8.4,44.6,8,"ND","ND",,,,,
"Azucares sin grasa","Gelatina de sabor en polvo",10,"g",10,10,38,0.8,0,9.1,46.6,8.6,"ND","ND",,,,,
"Azucares sin grasa","Gelatina en polvo para agua",10,"g",10,10,38,0.8,0,9.1,46.6,8.6,"ND","ND",,,,,
"Azucares sin grasa","Gelatina en polvo para leche",10,"g",10,10,38,0.8,0,9.1,46.6,8.6,"ND","ND",,,,,
"Azucares sin grasa","Gelatina preparada",4.5,"cucharada",72,72,45,0.9,0,10.2,54,9.7,"ND","ND",,,,,
"Azucares sin grasa","Gomitas",4,"pieza",12,12,42,0.5,0,10.2,0,7.1,"ND","ND",,,,,
"Azucares sin grasa","Halls nite",0.5,"pieza",8,8,31,0.1,0,7.6,0,5.5,"ND","ND",,,,,
"Azucares sin grasa","Jalea",2,"cucharadita",13,13,42,0,0,10.7,3.3,6.5,"ND","ND",,,,,
"Azucares sin grasa","Jarabe de chocolate",1,"cucharada",18,18,49,0.4,0.2,11.4,12.7,8.7,"ND","ND",,,,,
"Azucares sin grasa","Jarabe de sabor para preparar agua",1,"cucharada",17,17,41,0,0.1,11.2,0,"ND","ND","ND",,,,,
"Azucares sin grasa","Jugo de caña de azucar",0.25,"taza",60,60,50,0.2,0.1,12.3,"ND","ND","ND","ND",,,,,
"Azucares sin grasa","Jugo de ciruela pasa",0.25,"taza",64,64,45,0.4,0,11.2,2.6,10.5,"ND","ND",,,,,
"Azucares sin grasa","Jugo de citricos preparados con agua",0.333333333333333,"taza",80,80,37,0.2,0,9.2,3.2,6.5,50,4.6,,,,,
"Azucares sin grasa","Jugo de fruta concentrado",20,"g",20,20,45,0.8,0.3,10.1,1,10,50,5.1,,,,,
"Azucares sin grasa","Jugod e frutas",0.333333333333333,"taza",80,80,40,0,0,10,53.3,10,50,5,,,,,
"Azucares sin grasa","Jugo de zanahoria, manzana y 3 frutas citricas",0.333333333333333,"taza",80,80,39,0,0,9.7,6.4,9,"ND","ND",,,,,
"Azucares sin grasa","Jugo natural´es de Lala",1,"pieza",125,125,28,0.5,0,6.5,3.8,6.5,"ND","ND",,,,,
"Azucares sin grasa","Leche condensada",2,"cucharadita",11,11,36,0.9,1,6.1,14.2,6.1,61,3.7,,,,,
"Azucares sin grasa","Leche condensada light",1,"cucharada",16,16,45,1.4,0.1,9.6,16.5,"ND","ND","ND",,,,,
"Azucares sin grasa","Leche en polvo sabor chocolate con malbavisco",2,"cucharada",14,14,56,0.6,0.3,12.6,19,11.5,"ND","ND",,,,,
"Azucares sin grasa","leche en polvo sabor fudge de chocolate",2,"cucharada",14,14,56,0.6,0.3,12.6,19,11.5,"ND","ND",,,,,
"Azucares sin grasa","Malvavisco",2,"pieza",14,14,45,0.3,0,11.4,11.2,8.1,"ND","ND",,,,,
"Azucares sin grasa","Malvavisvo miniatura",18,"pieza",13,13,40,0.2,0,10.2,10.1,7.3,"ND","ND",,,,,
"Azucares sin grasa","Melaza",2.5,"cucharadita",13,13,36,0,0,8.9,6.1,"ND","ND","ND",,,,,
"Azucares sin grasa","Mentas de caramelo",6,"pieza",10,10,41,0,0,10.2,0,10.2,70,7.1,,,,,
"Azucares sin grasa","Merngue ""duro""",11,"pieza pequeña",11,11,42,0.2,0,10.2,0,"ND","ND","ND",,,,,
"Azucares sin grasa","Mermelada",2.5,"cucharadita",17,17,41,0.1,0,10,0.2,8.1,48,4.8,,,,,
"Azucares sin grasa","Mermelada con frustosa",2.5,"cucharada",43,43,40,0,0,10,50,10,"ND","ND",,,,,
"Azucares sin grasa","Mermelada de fruta, menos azucar",2,"cucharada",30,30,40,0,0,9.9,0,9.9,"ND","ND",,,,,
"Azucares sin grasa","miel  ",2,"cucharadita",14,14,43,0,0,11.5,0.6,11.5,55,6.3,,,,,
"Azucares sin grasa","Miel de abeja",2,"cucharadita",14,14,43,0,0,11.5,0.6,11.5,55,6.3,,,,,
"Azucares sin grasa","Miel de caña",2,"cucharadita",12,12,35,0.1,0,8.7,"ND","ND","ND","ND",,,,,
"Azucares sin grasa","Miel de maiz",2,"cucharadita",12,12,36,0,0,9,8.2,"ND","ND","ND",,,,,
"Azucares sin grasa","Miel de jarabe sabor maple",2,"cucharadita",12,12,31,0,0,8.1,1.1,7.1,"ND","ND",,,,,
"Azucares sin grasa","Monster Energy*",0.2,"lata",96,96,72,0,0,11,72,11,"ND","ND",,,,,
"Azucares sin grasa","Monster Kaos*",0.2,"lata",96,96,36,0.4,0,8.4,6,8.4,"ND","ND",,,,,
"Azucares sin grasa","Mousse de chocolate sin grasa",0.25,"taza",50,50,47,1,0.2,10.4,55,7.9,31,3.2,,,,,
"Azucares sin grasa","Néctar de fruta",0.25,"taza",63,63,38,0.1,0,9.9,2.5,9.5,54,5.3,,,,,
"Azucares sin grasa","Nescafe Dolca gusto Nestea peach",2,"cápsula",12,12,42,0,0,10,0,10,"ND","ND",,,,,
"Azucares sin grasa","Nieves de frutas",40,"g",40,40,40,0.2,0.1,9.7,0,9.7,"ND","ND",,,,,
"Azucares sin grasa","Obelas de cajeta",1,"pieza chica",7,7,30,0.7,0.7,5.3,15.3,5.3,"ND","ND",,,,,
"Azucares sin grasa","Paleta de caramelo",2,"pieza",12,12,44,0,0,11.8,0,11.8,70,8.3,,,,,
"Azucares sin grasa","Paleta helada de agua",1,"pieza",52,52,41,0,0.1,10,3.6,7.1,"ND","ND",,,,,
"Azucares sin grasa","Paleta helada de fruta",0.5,"pieza",46,46,38,0.6,0.1,9.3,2,9.3,"ND","ND",,,,,
"Azucares sin grasa","Paleta helada de fruta sin azúcar",3,"pieza",153,153,36,0.9,0.3,9.6,9,9.6,"ND","ND",,,,,
"Azucares sin grasa","Paleta helada de yogur sabor coco",0.5,"pieza",35,35,47,0.7,0.9,9.1,22.8,9.1,"ND","ND",,,,,
"Azucares sin grasa","Panditas",0.333333333333333,"bolsa",15,15,47,0.9,0,10.9,1.7,7.6,"ND","ND",,,,,
"Azucares sin grasa","Pasitas con chocolate",11,"pieza",11,11,43,0.5,1.6,7.5,4,6.8,"ND","ND",,,,,
"Azucares sin grasa","Piloncillo",10,"g",10,10,36,0,0,9.1,3,9.1,"ND","ND",,,,,
"Azucares sin grasa","Piloncillo rallado",1,"cucharada",10,10,36,0,0,9.1,3,9.1,"ND","ND",,,,,
"Azucares sin grasa","Ponche de frutas",0.333333333333333,"taza",79,79,36,0,0,9.2,4,"ND","ND","ND",,,,,
"Azucares sin grasa","Queso de tuna",13,"g",13,13,42,0.2,"ND",10.3,"ND","ND","ND","ND",,,,,
"Azucares sin grasa","Red Bull*",0.333333333333333,"lata",83,83,37,0.2,0.1,9,69.3,8.3,"ND","ND",,,,,
"Azucares sin grasa","Refresco",0.25,"lata",92,92,38,0,0,9.7,3.5,9.7,66,6.4,,,,,
"Azucares sin grasa","Refresco de cola",0.25,"lata",92,92,38,0,0,9.7,3.5,9.7,58,5.6,,,,,
"Azucares sin grasa","Refresco de frutas",0.25,"lata",89,89,44,0,0,11.1,59.2,11.1,"ND","ND",,,,,
"Azucares sin grasa","Salsa catsup",2,"cucharada",30,30,29,0.5,0.1,7.6,334.2,6.8,"ND","ND",,,,,
"Azucares sin grasa","Salsa de manzana",1,"cucharada",16,16,42,0.1,0,10.7,37.1,7.2,"ND","ND",,,,,
"Azucares sin grasa","Salsa de tamarindo",25,"g",25,25,40,0.3,0.7,8.8,131.5,3.5,"ND","ND",,,,,
"Azucares sin grasa","Salsa demiglass",0.333333333333333,"taza",63,63,36,1.3,0.5,7.5,576.2,3.5,"ND","ND",,,,,
"Azucares sin grasa","Skwinkes clásicos",0.5,"paquete",10,10,35,0.5,0.2,8.1,75,5,"ND","ND",,,,,
"Azucares sin grasa","So be rush",0.333333333333333,"lata",99,99,52,0.4,0,10.7,43.6,10.7,"ND","ND",,,,,
"Azucares sin grasa","Té helado en polvo",4,"cucharadita",10,10,41,0,0.1,10.1,0.5,9.7,"ND","ND",,,,,
"Azucares sin grasa","Tribu *",0.25,"lata",63,63,30,0.3,0,7,47.5,7,"ND","ND",,,,,
"Azucares con grasa","ALIMENTOS","Cantidad sugerida","Unidad","Peso bruto redondeado (g)","Peso neto (g)","Energia (Kcal)","Proteina (g)","Lípidos (g)","Hidratos de carbono (g)","Sodio (mg)","Azúcares por equivalente (g)","Indica glicémico (g)","Carga glicémica",,,,,
"Azucares con grasa","Aderezo blue cheese bajo en calorias",4,"cucharada",60,60,86,1.7,15,10.4,582.9,5.1,"ND","ND",,,,,
"Azucares con grasa","Aderezo de miel",4,"cucharada",64,64,70,2.5,2.4,10.7,526.7,7.7,"ND","ND",,,,,
"Azucares con grasa","Aderezo de miel y mostaza bajo calorias",3,"cucharada",45,45,64,1.3,1.8,14.1,424.3,6.4,"ND","ND",,,,,
"Azucares con grasa","Aderezo fránces bajo en calorías",4,"cucharada",60,60,79,0,3.4,13.1,472.5,"ND","ND","ND",,,,,
"Azucares con grasa","Aderezo mil islas bajo en calorías",4,"cucharada",60,60,96,0.4,6.4,9.6,600,"ND","ND","ND",,,,,
"Azucares con grasa","Aderezo ranch bajo en calorías",3,"cucharada",45,45,64,1.3,2.8,14.1,398.6,2.6,"ND","ND",,,,,
"Azucares con grasa","Aderezo ruso bajo en calorías",3,"cucharada",45,45,65,0.3,1.7,12.4,390.9,"ND","ND","ND",,,,,
"Azucares con grasa","Aderezo tipo cesar bajo en   calorías",3,"cucharada",45,45,87,1.5,7.3,2.9,812.9,2.9,"ND","ND",,,,,
"Azucares con grasa","Almendra con chocolate",15,"g",15,15,77,1.4,5.6,6.6,1.4,4,"ND","ND",,,,,
"Azucares con grasa","Almond joy",0.333333333333333,"pieza",16,16,80,4.3,4.3,9.4,23.8,7.4,"ND","ND",,,,,
"Azucares con grasa","Almond joy miniatura",1,"pieza",20,20,98,5.3,5.3,11.7,29.4,9.1,"ND","ND",,,,,
"Azucares con grasa","Cacahuate confitado (chocolate)",4,"pieza",16,16,83,2.1,5.4,8,6.6,6,33,2.6,,,,,
"Azucares con grasa","Carlos V",0.5,"pieza",11,11,56,0.4,2.8,7.4,16.5,6.6,"ND","ND",,,,,
"Azucares con grasa","Chispas de chocolate hershey",5,"cucharadita",17,17,89,0.8,4.8,10.7,2.2,8.7,43,4.6,,,,,
"Azucares con grasa","Chispas de chocolate     ",5,"cucharadita",18,18,94,1.3,5.2,10.4,13.8,8.9,43,4.5,,,,,
"Azucares con grasa","Chocolate amargo",0.333333333333333,"pieza",14,14,70,0.7,4.4,8,0.5,6.3,43,3.5,,,,,
"Azucares con grasa","Chocolate blanco",15,"g",15,15,81,0.9,4.8,8.9,13.5,8.9,44,3.9,,,,,
"Azucares con grasa","Chocolate blanco son azúcar",19,"g",19,19,90,1.7,6.7,9.9,0,"ND",35,3.5,,,,,
"Azucares con grasa","Chocolate con arroz tostado",0.333333333333333,"barra",13,13,70,1,3.9,7.9,11.4,6.7,"ND","ND",,,,,
"Azucares con grasa","Chocolate con almendras",0.333333333333333,"barra",15,15,77,1.3,5,7.8,10.9,6.4,"ND","ND",,,,,
"Azucares con grasa","Chocolate con azúcar",15,"g",15,15,70,0.6,2.5,11.3,5,"ND",43,4.8,,,,,
"Azucares con grasa","Chocolate con galleta y caramelo",0.5,"barra",15,15,75,0.7,3.7,9.7,29.7,7.2,44,4.3,,,,,
"Azucares con grasa","Chocolate con leche",15,"g",15,15,64,1.4,1.6,11.1,57.3,"ND",43,4.8,,,,,
"Azucares con grasa","Chocolate con leche con menos del 10% proteinas",14,"g",14,14,60,1.3,1.5,10.3,53.5,"ND","ND","ND",,,,,
"Azucares con grasa","Chocolate con leche y almendras sin azúcar",15,"g",15,15,86,1.5,6.3,6,24.5,5.3,"ND","ND",,,,,
"Azucares con grasa","Chocolate con nugar",0.333333333333333,"pieza",19,19,87,0.8,3.3,13.6,32.3,11.5,"ND","ND",,,,,
"Azucares con grasa","Chocolate con nugar y cacahuate",0.333333333333333,"pieza",19,19,90,1.4,4.5,11.5,46.7,9.6,41,47,,,,,
"Azucares con grasa","Chocolate de coco y almendras",0.333333333333333,"pieza",16,16,78,0.7,4.4,9.7,23.2,7.9,"ND","ND",,,,,
"Azucares con grasa","Chocolate de leche",0.666666666666667,"pieza",17,17,88,1.3,4.9,9.8,13,8.4,43,4.2,,,,,
"Azucares con grasa","Chocolate de menta",2,"pieza",17,17,68,0.3,2,12.8,0.2,11.2,"ND","ND",,,,,
"Azucares con grasa","Chocolate en polvo con más del 10% proteínas",15,"g",15,15,60,1.9,1,11,14.1,"ND","ND","ND",,,,,
"Azucares con grasa","Chocolate en polvo con menos del 10% proteinas",12,"g",12,12,48,0.9,0.4,10.1,45.8,"ND","ND","ND",,,,,
"Azucares con grasa","Chocolate en polvo DICONSA",25,"g",25,25,94,15,1.1,6,162.5,5.4,54,3.2,,,,,
"Azucares con grasa","Chocolate en polvo sin azúcares",3,"cucharadita",15,15,60,3,1.5,9,"ND","ND","ND","ND",,,,,
"Azucares con grasa","Chocolate fundido",0.75,"cucharada",14,14,59,0.3,1.5,10.9,6.4,10.4,43,4.7,,,,,
"Azucares con grasa","Chocolate rallado",5,"cucharadita",17,17,87,0.9,5.4,9.9,0.7,7.7,43,4.3,,,,,
"Azucares con grasa","Chocolate semi amargo",17,"g",17,17,81,0.7,5.1,10.7,1.9,9.3,43,4.6,,,,,
"Azucares con grasa","Chocolate sin azúcar",15,"g",15,15,85,2.1,5.8,6.1,0.5,"ND",35,2.1,,,,,
"Azucares con grasa","Cocada",0.75,"pieza",21,21,92,5.3,5.3,12.8,30,6,"ND","ND",,,,,
"Azucares con grasa","Crema en polvo para café",9,"cucharadita",18,18,98,0.9,6.4,9.9,32.6,9.9,"ND","ND",,,,,
"Azucares con grasa","Flan casero",0.2,"taza",61,61,89,2.8,2.5,13.9,32.4,14.2,65,"ND",,,,,
"Azucares con grasa","Flan de caja preparado con leche descremada",0.2,"taza",61,61,63,1.8,1.1,11.5,69.2,"ND","ND",9,,,,,
"Azucares con grasa","Flan de caja preparado con leche entera",0.2,"taza",61,61,69,1.8,1.8,11.4,68.5,"ND","ND","ND",,,,,
"Azucares con grasa","herchey´s creme´n ´arandano",0.25,"pieza",11,11,57,3.1,3.1,6.2,13.7,5.2,"ND","ND",,,,,
"Azucares con grasa","Jarabe de coco",5,"cucharada",85,85,83,0.4,3.9,6.5,0,"ND","ND","ND",,,,,
"Azucares con grasa","Kinder delice",0.333333333333333,"paquete",21,21,95,5.9,5.9,9,20,7.4,"ND","ND",,,,,
"Azucares con grasa","Kranky",0.333333333333333,"paquete",15,15,67,2.2,2.2,11,27,6.6,"ND","ND",,,,,
"Azucares con grasa","Lunetas",0.333333333333333,"paquete (50)",16,16,79,0.7,3.4,11.4,9.7,10.1,33,3.8,,,,,
"Azucares con grasa","Malvavisco con chocolate",0.5,"pieza",14,14,59,0.6,2.4,9.5,23.5,6.3,"ND","ND",,,,,
"Azucares con grasa","Mayonesa baja en grasa",2,"cucharada",28,28,93,0,1.9,9.5,149,9.5,"ND","ND",,,,,
"Azucares con grasa","Mayonesa light",2,"cucharada",28,28,93,0,1.9,9.5,149,9.5,"ND","ND",,,,,
"Azucares con grasa","Mazapan",0.75,"pieza",19,19,85,3.8,3.8,11.3,0,9.8,"ND","ND",,,,,
"Azucares con grasa","Menta cubierta con chocolate",1.5,"pieza",14,14,55,0.2,1.5,10.9,24.5,"ND","ND","ND",,,,,
"Azucares con grasa","Mole",3,"cucharada",48,48,79,1.7,5.3,6.2,64.3,"ND","ND","ND",,,,,
"Azucares con grasa","Mole de pepita",1,"cucharada",16,16,82,0.9,5,8.2,406.8,"ND","ND","ND",,,,,
"Azucares con grasa","Mole poblano",1,"cucharada",16,16,91,1.2,6.7,6.7,186.2,"ND","ND","ND",,,,,
"Azucares con grasa","Mole poblano en pasta",1,"cucharada",16,16,91,1.2,6.7,6.7,186.2,"ND","ND","ND",,,,,
"Azucares con grasa","Mole poblano preparado",3,"cucharada",48,48,79,1.7,5.3,6.2,64.3,"ND","ND","ND",,,,,
"Azucares con grasa","Mousse de chocolate",0.25,"taza",50,50,71,1,2.3,11.5,76,8.6,"ND","ND",,,,,
"Azucares con grasa","Palanqueta de cacahuate",0.333333333333333,"pieza",15,15,78,2.3,5,7,23.2,6.3,"ND","ND",,,,,
"Azucares con grasa","Paleta helada de café con cubierta de chocolate y almendras",0.2,"pieza",21,21,74,1,5.3,5.5,"ND",5.3,37,2,,,,,
"Azucares con grasa","Paleta helada de chocolate cubierta con chocolate",0.2,"pieza",21,21,72,1,4.9,5.9,10.8,"ND",37,2.2,,,,,
"Azucares con grasa","Paleta helada de crema con café cubierta de chocolate y almendras",0.2,"pieza",21,21,74,1,5.3,5.5,"ND",5.3,"ND","ND",,,,,
"Azucares con grasa","Paleta helada de vainilla cubierta con chocolate",0.25,"pieza",24,24,83,1.1,5.7,6.9,13.5,"ND",38,2.6,,,,,
"Azucares con grasa","Paleta helada de vainilla cubierta con chocolate y almendras",0.25,"pieza",23,23,80,1,5.8,5.8,11.8,"ND","ND","ND",,,,,
"Azucares con grasa","Pipián",15,"g",15,15,77,0.9,4.7,7.7,381.4,"ND","ND","ND",,,,,
"Azucares con grasa","Rompope sin alcohol",0.25,"taza",64,64,86,2.4,4.8,8.6,34.5,5.3,"ND","ND",,,,,
"Azucares con grasa","Salsa de cebollin",25,"g",25,25,63,0.3,4.7,3.3,24.1,2.7,"ND","ND",,,,,
"Azucares con grasa","Salsa de epazote",40,"g",40,40,82,1.3,6.2,4.7,178.5,1.4,"ND","ND",,,,,
"Alimentos libres en energía","ALIMENTOS","Cantidad sugerida","Unidad","Peso bruto redondeado (g)","Peso neto (g)","Energia (Kcal)","Proteina (g)","Lípidos (g)","Hidratos de carbono (g)","Sodio (mg)",,,,,,,,
"Alimentos libres en energía","Achiote                                                                                                                        ",0.25,"cucharada",4,4,10,0.5,0.1,2.1,0,,,,,,,,
"Alimentos libres en energía","Agua",1,"taza",240,240,2,0,0,0,7.1,,,,,,,,
"Alimentos libres en energía","Agua mineral",1,"lata",355,355,4,0,0,0,74.6,,,,,,,,
"Alimentos libres en energía","Ajo en polvo",0.5,"cucharadita",2,2,5,0.3,0,1.1,0.5,,,,,,,,
"Alimentos libres en energía","Albahaca deshidratada",1.5,"cucharadita",2,2,5,0.2,0,0.9,0,,,,,,,,
"Alimentos libres en energía","Albahaca molida",1.5,"cucharadita",2,2,5,0.2,0,0.9,0,,,,,,,,
"Alimentos libres en energía","Alcaparras",2,"cucharada",17,17,4,0.4,0.1,0.8,509.8,,,,,,,,
"Alimentos libres en energía","Alcaravea",0.5,"cucharadita",1,1,4,0.2,0.2,0.5,0,,,,,,,,
"Alimentos libres en energía","Anís",0.5,"cucharadita",1,1,4,0.2,0.2,0.5,0,,,,,,,,
"Alimentos libres en energía","Arúgula",1,"taza",20,12,3,0.3,0.1,0.4,3.2,,,,,,,,
"Alimentos libres en energía","Aspartame",1,"sobre",1,1,0,0,0,0,0,,,,,,,,
"Alimentos libres en energía","Azafrán",1,"cucharadita",1,1,3,0.1,0.1,0.7,1,,,,,,,,
"Alimentos libres en energía","Café americano",1,"taza",240,240,5,0.3,0,0.9,5.4,,,,,,,,
"Alimentos libres en energía","Café con azúcar",1,"taza",240,240,5,0.3,0,8.2,5.4,,,,,,,,
"Alimentos libres en energía","Café de grano",7,"cucharada",56,56,4,11.2,0,0,0,,,,,,,,
"Alimentos libres en energía","Café descafeinado",1,"taza",240,240,5,0.3,0,0.9,5.4,,,,,,,,
"Alimentos libres en energía","Café descafeinado preparado",1,"taza",240,240,5,0.3,0,0.9,5.4,,,,,,,,
"Alimentos libres en energía","Café en polvo",0.5,"cucharada",1,1,4,0.1,0,0.9,0.8,,,,,,,,
"Alimentos libres en energía","Café de polvo descafeinado",1,"cucharadita",2,2,4,0.2,0,0.7,1,,,,,,,,
"Alimentos libres en energía","Café en polvo sabor moka",2,"cucharadita",4,4,8,0.4,0,1.4,2,,,,,,,,
"Alimentos libres en energía","Café express","5 1 /2","taza",440,440,10,0.5,0,1.7,9.9,,,,,,,,
"Alimentos libres en energía","Café instantáneo",1,"cucharadita",2,2,4,0.2,0,0.7,1,,,,,,,,
"Alimentos libres en energía","Café intantánio preparado",1,"taza",240,240,5,0.3,0,0.9,6.7,,,,,,,,
"Alimentos libres en energía","Café instantáneo, descafeinado",1,"cucharadita",2,2,4,0.2,0,0.8,0,,,,,,,,
"Alimentos libres en energía","Café molido",1,"cucharada",4,4,1,0.8,0,0,0,,,,,,,,
"Alimentos libres en energía","Café ó té sin azúcar",1,"taza",240,240,3,0,0,0.5,2.7,,,,,,,,
"Alimentos libres en energía","Café sin azúcar",1,"taza",240,240,5,0.3,0,0.9,5.4,,,,,,,,
"Alimentos libres en energía","Caldo",0.5,"taza",120,120,9,1.4,0.3,0.1,391,,,,,,,,
"Alimentos libres en energía","Caldo de carne",0.5,"taza",120,120,9,1.4,0.3,0.1,391,,,,,,,,
"Alimentos libres en energía","Caldo de carne concentrado",0.25,"taza",62,62,8,1.5,0,0.5,450,,,,,,,,
"Alimentos libres en energía","Caldo de pescado",0.5,"taza",120,120,9,1.4,0.3,0.1,391,,,,,,,,
"Alimentos libres en energía","Caldo de pollo",0.5,"taza",120,120,9,1.3,0.4,0.4,381.6,,,,,,,,
"Alimentos libres en energía","Caldo de pollo concentrado",0.2,"taza",50,50,12,0.8,0.8,0.8,308,,,,,,,,
"Alimentos libres en energía","Caldo de pollo enlatado",0.2,"taza",50,50,12,0.8,0.8,0.8,308,,,,,,,,
"Alimentos libres en energía","Caldo de res",0.5,"taza",120,120,9,1.4,0.3,0.1,391,,,,,,,,
"Alimentos libres en energía","Caldo de res enlatado",0.333333333333333,"taza",82,82,10,2,0,0.7,594,,,,,,,,
"Alimentos libres en energía","Canela",1,"cucharadita",2,2,5,0.1,0.1,1.6,1,,,,,,,,
"Alimentos libres en energía","Canela en polvo",1,"cucharadita",2,2,5,0.1,0.1,1.6,1,,,,,,,,
"Alimentos libres en energía","Canela en raja",0.2,"raja",2,2,5,0.1,0.1,1.6,1,,,,,,,,
"Alimentos libres en energía","Canela molida",1,"cucharadita",2,2,5,0.1,0.1,1.6,1,,,,,,,,
"Alimentos libres en energía","Cardamomo",1,"cucharadita",2,2,6,0.2,0.1,1.4,0,,,,,,,,
"Alimentos libres en energía","Cardamomo molido",1,"cucharadita",2,2,6,0.2,0.1,1.4,0,,,,,,,,
"Alimentos libres en energía","Cáscara de limón",5,"cucharadita",10,10,5,0.2,0,1.7,0,,,,,,,,
"Alimentos libres en energía","Cáscara de naranja",2,"cucharadita",4,4,4,0.1,0,1,0,,,,,,,,
"Alimentos libres en energía","Cebolla deshidratada",1,"cucharadita",1,1,4,0,0,0.8,4,,,,,,,,
"Alimentos libres en energía","Cebolla en polvo",0.5,"cucharadita",1,1,4,0.1,0,0.8,0.5,,,,,,,,
"Alimentos libres en energía","Cebollín",15,"cucharadita",15,15,5,0.5,0,0.5,0,,,,,,,,
"Alimentos libres en energía","Cebollín deshidratada",30,"cucharadita",12,12,0,0,0,0,0,,,,,,,,
"Alimentos libres en energía","Cebollín fresco",15,"cucharadita",15,15,5,0.5,0,0.5,0,,,,,,,,
"Alimentos libres en energía","Cebollín liofilizado",10,"cucharada",2,2,5,0.5,0,1.3,2.5,,,,,,,,
"Alimentos libres en energía","Chicle sin azúcar",1,"pieza",3,3,10,0,0,2,0,,,,,,,,
"Alimentos libres en energía","Chicle casacabel",3,"g",3,3,8,0.3,0.2,1.6,0,,,,,,,,
"Alimentos libres en energía","Chicle en polvo",3,"pieza",2,1,4,0.2,0.1,0.8,0,,,,,,,,
"Alimentos libres en energía","Chicle piquín",3,"pieza",2,1,4,0.2,0.1,0.8,0,,,,,,,,
"Alimentos libres en energía","Chicle piquín molido",0.5,"cucharadita",2,2,5,0.2,0.3,0.8,15,,,,,,,,
"Alimentos libres en energía","Chocolate para repostería sin azúcar",2,"g",2,2,10,0.2,1.1,0.6,0.3,,,,,,,,
"Alimentos libres en energía","Clavo",1,"cucharadita",2,2,6,0.1,0.4,1.2,5,,,,,,,,
"Alimentos libres en energía","Clavo de olor",1,"cucharadita",2,2,6,0.1,0.4,1.2,5,,,,,,,,
"Alimentos libres en energía","Clavo en polvo",1,"cucharadita",2,2,6,0.1,0.4,1.2,5,,,,,,,,
"Alimentos libres en energía","Clavo entero",2,"g",2,2,6,0.1,0.4,1.2,5,,,,,,,,
"Alimentos libres en energía","Clavo molido",1,"cucharadita",2,2,6,0.1,0.4,1.2,5,,,,,,,,
"Alimentos libres en energía","Clight",3,"sobre",4,4,8,0,0,2,6.5,,,,,,,,
"Alimentos libres en energía","Cocca Cola de dieta",1,"lata",240,240,1,0,0,0.1,3.9,,,,,,,,
"Alimentos libres en energía","Cocca Cola Zero",1,"lata",240,240,1,0,0,0,7.2,,,,,,,,
"Alimentos libres en energía","Coca light",1,"lata",240,240,1,0,0,0.1,3.9,,,,,,,,
"Alimentos libres en energía","Cocacola de dieta",1,"lata",240,240,1,0,0,0.1,3.9,,,,,,,,
"Alimentos libres en energía","Cocoa en polvo con aspartame",0.25,"cucharada",3,3,9,0.7,0.1,1.6,30.8,,,,,,,,
"Alimentos libres en energía","Cocoa sin azúcar",0.2,"cucharada",2,2,7,0.4,0.2,0.9,0.3,,,,,,,,
"Alimentos libres en energía","Cocoa sin azúcar Hershey",0.2,"cucharada",2,2,7,0.4,0.2,0.9,0.3,,,,,,,,
"Alimentos libres en energía","Comino",1,"cucharadita",2,2,7,0.4,0.4,0.9,3,,,,,,,,
"Alimentos libres en energía","Comino entetro",1,"cucharadita",2,2,7,0.4,0.4,0.9,3,,,,,,,,
"Alimentos libres en energía","Comino molido",0.5,"cucharadita",1,1,6,0.2,0.2,0.4,2,,,,,,,,
"Alimentos libres en energía","Concentrado de pollo",3,"g",3,3,6,0.4,0.1,0.7,720,,,,,,,,
"Alimentos libres en energía","Consomé",0.25,"taza",60,60,10,1.2,0.3,0.2,198.8,,,,,,,,
"Alimentos libres en energía","Consomé de camarón en polvo",0.333333333333333,"cucharada",4,4,8,0.6,0.2,1,950.4,,,,,,,,
"Alimentos libres en energía","Consomé de pescado",20,"g",20,20,6,0,0.4,0.2,19.2,,,,,,,,
"Alimentos libres en energía","Consomé de pollo",0.25,"taza",60,60,10,1.2,0.3,0.2,190.8,,,,,,,,
"Alimentos libres en energía","Consomé de pollo bajo en grasa",5,"cucharada",60,60,5,0.3,0,0.8,120,,,,,,,,
"Alimentos libres en energía","Consomé de pollo desgarsado en polvo",1,"cucharada",12,12,2,0,0.4,0.4,0,,,,,,,,
"Alimentos libres en energía","Consomé de pollo en cubo",0.333333333333333,"pieza",2,2,4,0.3,0.1,0.5,475.2,,,,,,,,
"Alimentos libres en energía","Consomé de pollo en polvo",0.333333333333333,"cucharada",4,4,8,0.6,0.2,1,950.4,,,,,,,,
"Alimentos libres en energía","Consiomé de res",0.5,"taza",120,120,9,1.4,0.3,0.1,391,,,,,,,,
"Alimentos libres en energía","Consomé de res condesado",0.25,"taza",60,60,8,1.3,0.2,0,391.2,,,,,,,,
"Alimentos libres en energía","Consomé de res en cubo",0.333333333333333,"pieza",2,2,5,0.3,0.2,0.5,336.3,,,,,,,,
"Alimentos libres en energía","Consiomé de res en polvo",1,"cucharada",12,12,2,0,0.2,0.4,2,,,,,,,,
"Alimentos libres en energía","Consomé de res enlatado",0.25,"taza",60,60,8,1.3,0.2,0,291.2,,,,,,,,
"Alimentos libres en energía","Consomé en polvo",0.333333333333333,"cucharada",4,4,8,0.6,0.2,1,950.4,,,,,,,,
"Alimentos libres en energía","Consomé sabor tomate",2,"g",2,2,6,0.3,0,1.5,2.7,,,,,,,,
"Alimentos libres en energía","Cremor tártaro",1,"cucharadita",3,3,8,0,0,1.8,2,,,,,,,,
"Alimentos libres en energía","Cubo consomé",0.25,"pieza",6,6,12,0.8,0.2,1.4,1440,,,,,,,,
"Alimentos libres en energía","Curry",1,"cucharadita",2,2,7,0.3,0.3,1.2,1,,,,,,,,
"Alimentos libres en energía","Curry en polvo",1,"cucharadita",2,2,7,0.3,0.3,1.2,1,,,,,,,,
"Alimentos libres en energía","Dacaf",1,"cucharadita",2,2,4,0.2,0,0.7,1,,,,,,,,
"Alimentos libres en energía","Diet coke",1,"taza",240,240,1,0,0,0.1,3.9,,,,,,,,
"Alimentos libres en energía","Diet sprite",1,"taza",240,240,3,0.1,0,0,0,,,,,,,,
"Alimentos libres en energía","Eneldo",5,"cucharadita",8,8,3,0.3,0.1,0.5,4.2,,,,,,,,
"Alimentos libres en energía","Eneldo deshidratado",1,"cucharadita",1,1,3,0.2,0,0.6,2,,,,,,,,
"Alimentos libres en energía","Enelo en semilla",1,"cucharadita",2,2,6,0.3,0.3,1.1,0,,,,,,,,
"Alimentos libres en energía","Especias para sazonar aves",1,"cucharadita",2,2,6,0.2,0.2,1.3,1,,,,,,,,
"Alimentos libres en energía","Estragón",1,"cucharadita",2,2,6,0.5,0.1,1,1,,,,,,,,
"Alimentos libres en energía","Estragón molido",1,"cucharadita",2,2,6,0.5,0.1,1,1,,,,,,,,
"Alimentos libres en energía","Estragón seco",1,"cucharadita",2,2,6,0.5,0.1,1,1,,,,,,,,
"Alimentos libres en energía","Extracto de vainilla ",1,"cucharadita",5,5,8,0,0,0.4,0,,,,,,,,
"Alimentos libres en energía","Flor de jamaica",1,"taza",37,37,1,0,0,0.2,0.1,,,,,,,,
"Alimentos libres en energía","Gelatina de dieta",0.25,"taza",60,60,4,0.6,0,0.4,28.7,,,,,,,,
"Alimentos libres en energía","Gelatina sin azúcar preparada",1,"taza",121,121,10,1,0,0,56,,,,,,,,
"Alimentos libres en energía","Gengibre",3,"cucharadita",6,6,4,0.1,0.1,0.9,0.8,,,,,,,,
"Alimentos libres en energía","Gengibre en polvo",0.5,"cucharada",3,3,9,0.2,0.2,1.9,0.9,,,,,,,,
"Alimentos libres en energía","Gengibre fresco",1,"cucharada",10,10,7,0.2,0.1,1.5,1.3,,,,,,,,
"Alimentos libres en energía","Grenetina sin sabor",0.25,"sobre",3,3,9,1.5,0,0.8,3.8,,,,,,,,
"Alimentos libres en energía","Hierbabuena",10,"g",10,10,4,0.2,0.2,0.7,0,,,,,,,,
"Alimentos libres en energía","Hierbas de olor",1,"cucharadita",2,2,5,0.1,0.2,1.4,2,,,,,,,,
"Alimentos libres en energía","Hierbas finas",1,"cucharadita",2,2,5,0.1,0.2,1.4,2,,,,,,,,
"Alimentos libres en energía","Hierbas molidas",1,"cucharadita",2,2,5,0.1,0.2,1.4,2,,,,,,,,
"Alimentos libres en energía","Hinojo",10,"g",10,10,3,0.1,0,0.7,5.2,,,,,,,,
"Alimentos libres en energía","Hoja de aguacate",1,"pieza",3,3,1,0.1,0,0.1,0,,,,,,,,
"Alimentos libres en energía","Hojas de laurel",1,"pieza",1,1,3,0.1,0.1,0.7,0,,,,,,,,
"Alimentos libres en energía","Jamaica",1,"taza",37,1,1,0,0,0.2,0.1,,,,,,,,
"Alimentos libres en energía","Jengibre",3,"cucharadita",6,6,4,0.1,0.1,0.9,0.8,,,,,,,,
"Alimentos libres en energía","Jengibre fresco",1,"cucharada",6,6,4,0.1,0.1,0.9,0.8,,,,,,,,
"Alimentos libres en energía","Jengibre molido",1,"cucharadita",2,2,7,0.2,0.1,1.4,1,,,,,,,,
"Alimentos libres en energía","Jengibre rallado",1,"cucharadita",2,2,1,0,0,0.3,0.3,,,,,,,,
"Alimentos libres en energía","Koll-Aid en polvo sin azúcar",1,"sobre",1,1,5,0,0,0,2,,,,,,,,
"Alimentos libres en energía","Laurel",2,"hoja",2,2,6,0.2,0.2,1.4,0,,,,,,,,
"Alimentos libres en energía","Laurel fresco",2,"hoja",2,2,6,0.2,0.2,1.4,0,,,,,,,,
"Alimentos libres en energía","Laurel troceado",2,"cucharadita",2,2,6,0.2,0.2,1.4,0,,,,,,,,
"Alimentos libres en energía","Levadura comprimida",0.5,"sobre",9,9,9,0.7,0.2,1.6,2.5,,,,,,,,
"Alimentos libres en energía","Levadura en polvo",0.25,"sobre",2,2,5,0.7,0.1,0.7,1,,,,,,,,
"Alimentos libres en energía","Levadura fresca",2,"g",2,2,5,0.9,0,0.9,2.1,,,,,,,,
"Alimentos libres en energía","Levadura seca",0.5,"sobre",4,4,11,1.4,0.2,1.4,2,,,,,,,,
"Alimentos libres en energía","Limón",0.5,"pieza",34,34,10,0.3,0.1,3.6,0.5,,,,,,,,
"Alimentos libres en energía","Limón agrio",0.5,"pieza",14,9,2,0.1,0,0.9,0.3,,,,,,,,
"Alimentos libres en energía","Limón sin semilla ",0.5,"pieza",18,11,2,0.1,0,1.2,0.3,,,,,,,,
"Alimentos libres en energía","Manzanilla fresca",10,"G",10,10,4,0.2,0.2,0.7,0,,,,,,,,
"Alimentos libres en energía","Manzanilla seca",1,"bolsa",2,2,0,0,0,0,0,,,,,,,,
"Alimentos libres en energía","Mejorana",1,"cucharadita",1,1,3,0.1,0.1,0.6,1,,,,,,,,
"Alimentos libres en energía","Menta",1,"cucharadita",1,1,5,0,0,0.5,5,,,,,,,,
"Alimentos libres en energía","Menta fresca",1,"cucharadita",1,1,1,0.1,0,0.2,0,,,,,,,,
"Alimentos libres en energía","Menta molida",1,"cucharadita",2,2,6,0.2,0.2,1.2,2,,,,,,,,
"Alimentos libres en energía","Monster Lo-Carb Energía",0.333333333333333,"lata",158,158,7,0,0,2,118.8,,,,,,,,
"Alimentos libres en energía","Mostaza",1,"cucharadita",5,5,5,0.3,0.3,0.3,65,,,,,,,,
"Alimentos libres en energía","Mostaza Dijón",1,"cucharadita",5,5,5,0.3,0.3,0.3,65,,,,,,,,
"Alimentos libres en energía","Mostaza en polvo",1,"cucharadita",3,3,9,0.5,0.6,0.3,0.3,,,,,,,,
"Alimentos libres en energía","Nuez moscada",1,"cucharadita",2,2,10,0.1,0.7,1,0,,,,,,,,
"Alimentos libres en energía","Nuez moscada molida",1,"cucharadita",2,2,10,0.1,0.7,1,0,,,,,,,,
"Alimentos libres en energía","Nutra sweet",1,"sobre",1,1,0,0,0,0,0,,,,,,,,
"Alimentos libres en energía","Orange crush diet",0.5,"lata",178,178,10,0,0,2.5,22.2,,,,,,,,
"Alimentos libres en energía","Orégano ",1,"cucharadita",2,2,6,0.2,0.2,1.3,0,,,,,,,,
"Alimentos libres en energía","Orégano molido",1,"cucharadita",2,2,5,0.2,0.2,1,0,,,,,,,,
"Alimentos libres en energía","Orégano troceado",1,"cucharadita",2,2,6,0.2,0.2,1.3,0,,,,,,,,
"Alimentos libres en energía","Paprika",1,"cucharadita",2,2,6,0.3,0.3,1.1,1,,,,,,,,
"Alimentos libres en energía","Pepsi de dieta",1,"lata",355,355,4,0,0,0,34.5,,,,,,,,
"Alimentos libres en energía","Pepsi Max",1,"lata",355,355,4,0,0,0,34.5,,,,,,,,
"Alimentos libres en energía","Perejil deshidratado",1,"cucharada",3,3,9,0.6,0,1.5,15,,,,,,,,
"Alimentos libres en energía","Pimentón",1,"cucharadita",2,2,6,0.3,0.3,1.1,1,,,,,,,,
"Alimentos libres en energía","Pimienta",1,"cucharadita",2,2,5,0.2,0.1,1.3,1,,,,,,,,
"Alimentos libres en energía","Pimienta blanca",1,"cucharadita",2,2,6,0.2,0,1.4,0,,,,,,,,
"Alimentos libres en energía","Pimienta blanca en polvo",1,"cucharadita",2,2,6,0.2,0,1.4,0,,,,,,,,
"Alimentos libres en energía","Pimienta blanaca entera",1,"cucharadita",4,4,9,0.4,0.2,2.3,1.8,,,,,,,,
"Alimentos libres en energía","Pimienta blanaca molida",1,"cucharadita",2,2,6,0.2,0,1.4,0,,,,,,,,
"Alimentos libres en energía","Pimienta de cayena",1,"cucharadita",2,2,6,0.2,0.3,1.1,1,,,,,,,,
"Alimentos libres en energía","Pimienta de tabasco",1,"cucharadita",2,2,6,0.2,0.3,1.1,1,,,,,,,,
"Alimentos libres en energía","Pimienta gorda",1,"cucharadita",4,4,9,0.4,0.2,2.3,1.8,,,,,,,,
"Alimentos libres en energía","Pimienta molida",1,"cucharadita",2,2,5,0.2,0.1,1.3,1,,,,,,,,
"Alimentos libres en energía","Pimienta negra",1,"cucharadita",2,2,5,0.2,0.1,1.3,1,,,,,,,,
"Alimentos libres en energía","Pimienta negra en polvo",1,"cucharadita",2,2,5,0.2,0.1,1.3,1,,,,,,,,
"Alimentos libres en energía","Pimienta negra entera",1,"cucharadita",4,4,9,0.4,0.2,2.3,1.8,,,,,,,,
"Alimentos libres en energía","Pimienta nagra molida",1,"cucharadita",2,2,5,0.2,0.1,1.3,1,,,,,,,,
"Alimentos libres en energía","Pimienta roja",1,"cucharadita",2,2,6,0.2,0.3,1.1,1,,,,,,,,
"Alimentos libres en energía","Pimienta verde",1,"cucharadita",2,2,6,0.2,0,1.4,0,,,,,,,,
"Alimentos libres en energía","Raíz de jengibre",1,"cucharadita",2,2,1,0,0,0.3,0.3,,,,,,,,
"Alimentos libres en energía","Raíz fuerte",5,"g",5,5,3,0.1,0,0.7,0.6,,,,,,,,
"Alimentos libres en energía","Raja de canela",0.333333333333333,"pieza",2,2,6,0.1,0.1,1.8,1.2,,,,,,,,
"Alimentos libres en energía","Ralladura de limón",5,"cucharadita",10,10,5,0.2,0,1.7,0,,,,,,,,
"Alimentos libres en energía","Ralladura de naranja",5,"cucharadita",10,10,10,0.2,0,2.5,0,,,,,,,,
"Alimentos libres en energía","Red Bull sugar free*",0.5,"lata",125,125,6,0.3,0.1,0.9,105,,,,,,,,
"Alimentos libres en energía","Refresco de dieta",1,"lata",355,355,1,0,0,0.1,5.7,,,,,,,,
"Alimentos libres en energía","Refresco en polvo sin azúcar",1,"sobre",1,1,5,0,0,0,2,,,,,,,,
"Alimentos libres en energía","Romero",1,"cucharadita",3,3,11,0.2,0.5,2,1.5,,,,,,,,
"Alimentos libres en energía","Romero deshidratado",1,"cucharadita",2,2,7,0.1,0.3,1.3,1,,,,,,,,
"Alimentos libres en energía","Romeo picado",0.5,"cucharadita",2,2,6,0.1,0.3,1.1,0.9,,,,,,,,
"Alimentos libres en energía","Sal",1,"cucharadita",6,6,0,0,0,0,2325,,,,,,,,
"Alimentos libres en energía","Sal de ajo",1,"cucharadita",5,5,4,0,0,0.8,760,,,,,,,,
"Alimentos libres en energía","Sal de apio",1,"cucharadita",5,5,4,0,0,0.8,760,,,,,,,,
"Alimentos libres en energía","Sal de potasio",1,"cucharadita",5,5,0,0,0,0,0,,,,,,,,
"Alimentos libres en energía","Salsa de barbecue",0.5,"cucharada",8,8,6,0.1,0.1,1,64.9,,,,,,,,
"Alimentos libres en energía","Salsa de soya",1,"cucharadita",5,5,3,0.4,0,0.3,340.8,,,,,,,,
"Alimentos libres en energía","Salsa inglesa",0.5,"cucharada",8,8,8,1,0.5,3.8,82.5,,,,,,,,
"Alimentos libres en energía","Salsa Tabasco",1,"cucharadita",6,6,1,0,0,0.1,38.4,,,,,,,,
"Alimentos libres en energía","Salsa teriyaki",1,"cucharadita",5,5,5,0.3,0,0.8,254.7,,,,,,,,
"Alimentos libres en energía","Salvia",1,"cucharadita",1,1,3,0.1,0.1,0.6,0,,,,,,,,
"Alimentos libres en energía","Semilla de anís",1,"cucharadita",2,2,7,0.4,0.3,1,0,,,,,,,,
"Alimentos libres en energía","Semilla de apio",1,"cucharadita",2,2,8,0.4,0.5,0.8,3,,,,,,,,
"Alimentos libres en energía","Semilla de cardamomo",1,"cucharadita",2,2,6,0.2,0.1,1.4,0,,,,,,,,
"Alimentos libres en energía","Semilla de cilantro",1,"cucharadita",2,2,6,0.2,0.4,1.1,1,,,,,,,,
"Alimentos libres en energía","Semilla de eneldo",1,"cucharadita",2,2,6,0.3,0.3,1.1,0,,,,,,,,
"Alimentos libres en energía","Semilla de mosraza",0.5,"cucharadita",2,2,7,0.4,0.5,0.5,0,,,,,,,,
"Alimentos libres en energía","Sidral de dieta",1,"lata",355,355,1,0,0,0.1,5.7,,,,,,,,
"Alimentos libres en energía","Sidral light",1,"lata",355,355,1,0,0,0.1,5.7,,,,,,,,
"Alimentos libres en energía","Squirt de dieta",1,"lata",355,355,1,0,0,0.1,5.7,,,,,,,,
"Alimentos libres en energía","Squirt light",1,"lata",355,355,1,0,0,0.1,5.7,,,,,,,,
"Alimentos libres en energía","Tomillo",1,"cucharadita",2,2,7,0.2,0.2,1.3,1,,,,,,,,
"Alimentos libres en energía","Vainilla",1,"cucharadita",5,5,8,0,0,0.4,0,,,,,,,,
"Alimentos libres en energía","Vainilla en trozo",0.25,"raja",3,3,6,0.1,0.1,2,1.3,,,,,,,,
"Alimentos libres en energía","Vinagre",1,"cucharadita",5,5,1,0,0,0.3,0,,,,,,,,
"Alimentos libres en energía","Vinagre balsámico",1,"cucharadita",5,5,1,0,0,0.3,0,,,,,,,,
"Alimentos libres en energía","Vinagre blanco",1,"cucharadita",5,5,1,0,0,0.3,0,,,,,,,,
"Alimentos libres en energía","Vinagre de caña",1,"cucharadita",5,5,1,0,0,0.3,0,,,,,,,,
"Alimentos libres en energía","Vinagre de fruta",1,"cucharadita",5,5,1,0,0,0.3,0,,,,,,,,
"Alimentos libres en energía","Vinagre de jeréz",1,"cucharadita",5,5,1,0,0,0.3,0,,,,,,,,
"Alimentos libres en energía","Viangre de manzana",1,"cucharadita",5,5,1,0,0,0.3,0,,,,,,,,
"Alimentos libres en energía","Vinagre de sidra",1,"cucharadita",5,5,1,0,0,0.3,0,,,,,,,,
"Alimentos libres en energía","Vinagre de vino",1,"cucharadita",5,5,1,0,0,0.3,0,,,,,,,,
"Alimentos libres en energía","Vinagre de yema",1,"cucharadita",5,5,1,0,0,0.3,0,,,,,,,,
"Bebidas alcoholicas","ALIMENTOS","Cantidad sugerida","Unidad","Peso bruto redondeado (g)","Peso neto (g)","Energia (Kcal)","Hidratos de carbono (g)","Etanol (g)",,,,,,,,,,
"Bebidas alcoholicas","Aguardiente",50,"ml",50,50,140,0,20,,,,,,,,,,
"Bebidas alcoholicas","Anís dulce seco",55,"ml",55,55,147,0.6,20.6,,,,,,,,,,
"Bebidas alcoholicas","Brandy",60,"ml",60,60,139,0,20,,,,,,,,,,
"Bebidas alcoholicas","Cerveza",1,"tarro o lata",356,356,153,12.6,13.9,,,,,,,,,,
"Bebidas alcoholicas","Cerveza ligth",1.5,"tarro o lata",531,531,154,8.7,16.5,,,,,,,,,,
"Bebidas alcoholicas","Champaña",1,"copa",150,150,101,2.3,13.1,,,,,,,,,,
"Bebidas alcoholicas","Coñac",60,"ml",60,60,144,1.2,19.9,,,,,,,,,,
"Bebidas alcoholicas","Crema de menta",40,"ml",40,40,148,16.6,11.9,,,,,,,,,,
"Bebidas alcoholicas","Ginebra",55,"ml",55,55,145,0,20.8,,,,,,,,,,
"Bebidas alcoholicas","Licor 100° proof",50,"ml",50,50,148,1.8,21.3,,,,,,,,,,
"Bebidas alcoholicas","Licor 94° proof",50,"ml",50,50,138,1.8,19.9,,,,,,,,,,
"Bebidas alcoholicas","Licor 90° proof",55,"ml",55,55,145,1.9,20.8,,,,,,,,,,
"Bebidas alcoholicas","Licor 86° proof",55,"ml",55,55,138,1.9,19.8,,,,,,,,,,
"Bebidas alcoholicas","Licor 80° proof",60,"ml",60,60,139,2.1,20,,,,,,,,,,
"Bebidas alcoholicas","Licor de almendras",60,"ml",60,60,134,21,7.2,,,,,,,,,,
"Bebidas alcoholicas","Licor de café",45,"ml",45,45,147,21.1,9.8,,,,,,,,,,
"Bebidas alcoholicas","Licor de café con crema",45,"ml",45,45,147,9.4,15.9,,,,,,,,,,
"Bebidas alcoholicas","Licor de café con whiskey",45,"ml",45,45,147,9.4,15.9,,,,,,,,,,
"Bebidas alcoholicas","Licor de naranja",65,"ml",65,65,146,22.8,7.8,,,,,,,,,,
"Bebidas alcoholicas","Oporto",90,"ml",90,90,145,11.7,14,,,,,,,,,,
"Bebidas alcoholicas","Pulque",1,"tarro",330,330,155,20.1,9.9,,,,,,,,,,
"Bebidas alcoholicas","Rompope",60,"ml",60,60,141,14.1,10,,,,,,,,,,
"Bebidas alcoholicas","Ron blanco o añejo",60,"ml",60,60,139,0,20,,,,,,,,,,
"Bebidas alcoholicas","Sidra",2,"copa",300,300,150,18,11.1,,,,,,,,,,
"Bebidas alcoholicas","Tequila",55,"ml",55,55,146,0,20.9,,,,,,,,,,
"Bebidas alcoholicas","Vermouth seco",60,"ml",60,60,134,0.2,18.6,,,,,,,,,,
"Bebidas alcoholicas","Vino (12.2 % alcohol)",1,"copa",100,100,137,7.7,12.2,,,,,,,,,,
"Bebidas alcoholicas","Vino blanco dulce",1,"copa",100,100,160,13.7,15.3,,,,,,,,,,
"Bebidas alcoholicas","Vino blanco seco",2,"copa",200,200,164,5.2,20.6,,,,,,,,,,
"Bebidas alcoholicas","Vino de manzana",1,"copa",150,150,191,15,18.5,,,,,,,,,,
"Bebidas alcoholicas","Vino de meza",2,"copa",200,200,166,5.4,20.8,,,,,,,,,,
"Bebidas alcoholicas","Vino espumoso",1,"copa",150,150,101,2.3,13.1,,,,,,,,,,
"Bebidas alcoholicas","Vino rosado",2,"copa",200,200,134,2.7,17.4,,,,,,,,,,
"Bebidas alcoholicas","Vino tinto",2,"copa",200,200,170,5.2,21.2,,,,,,,,,,
"Bebidas alcoholicas","Vodka",60,"ml",60,60,139,0,19.8,,,,,,,,,,
"Bebidas alcoholicas","Whisky",55,"ml",55,55,138,0.1,19.8,,,,,,,,,,
